Type	Instance	Name	Value
tidb	${LOCALHOST}:4000	advertise-address	${LOCALHOST}
tidb	${LOCALHOST}:4000	alter-primary-key	false
tidb	${LOCALHOST}:4000	autoscaler-addr	tiflash-autoscale-lb.tiflash-autoscale.svc.cluster.local:8081
tidb	${LOCALHOST}:4000	autoscaler-cluster-id	
tidb	${LOCALHOST}:4000	autoscaler-type	aws
tidb	${LOCALHOST}:4000	ballast-object-size	0
tidb	${LOCALHOST}:4000	binlog.binlog-socket	
tidb	${LOCALHOST}:4000	binlog.enable	false
tidb	${LOCALHOST}:4000	binlog.ignore-error	false
tidb	${LOCALHOST}:4000	binlog.strategy	range
tidb	${LOCALHOST}:4000	binlog.write-timeout	15s
tidb	${LOCALHOST}:4000	compatible-kill-query	false
tidb	${LOCALHOST}:4000	cors	
tidb	${LOCALHOST}:4000	delay-clean-table-lock	0
tidb	${LOCALHOST}:4000	deprecate-integer-display-length	false
tidb	${LOCALHOST}:4000	disaggregated-tiflash	false
tidb	${LOCALHOST}:4000	enable-enum-length-limit	true
tidb	${LOCALHOST}:4000	enable-forwarding	false
tidb	${LOCALHOST}:4000	enable-global-index	false
tidb	${LOCALHOST}:4000	enable-global-kill	true
tidb	${LOCALHOST}:4000	enable-table-lock	false
tidb	${LOCALHOST}:4000	enable-tcp4-only	false
tidb	${LOCALHOST}:4000	enable-telemetry	false
tidb	${LOCALHOST}:4000	experimental.allow-expression-index	false
tidb	${LOCALHOST}:4000	graceful-wait-before-shutdown	0
tidb	${LOCALHOST}:4000	host	${LOCALHOST}
tidb	${LOCALHOST}:4000	index-limit	64
tidb	${LOCALHOST}:4000	initialize-sql-file	
tidb	${LOCALHOST}:4000	instance.ddl_slow_threshold	300
tidb	${LOCALHOST}:4000	instance.max_connections	0
tidb	${LOCALHOST}:4000	instance.plugin_dir	/data/deploy/plugin
tidb	${LOCALHOST}:4000	instance.plugin_load	
tidb	${LOCALHOST}:4000	instance.tidb_check_mb4_value_in_utf8	true
tidb	${LOCALHOST}:4000	instance.tidb_enable_collect_execution_info	true
tidb	${LOCALHOST}:4000	instance.tidb_enable_ddl	true
tidb	${LOCALHOST}:4000	instance.tidb_enable_slow_log	true
tidb	${LOCALHOST}:4000	instance.tidb_expensive_query_time_threshold	60
tidb	${LOCALHOST}:4000	instance.tidb_force_priority	NO_PRIORITY
tidb	${LOCALHOST}:4000	instance.tidb_general_log	false
tidb	${LOCALHOST}:4000	instance.tidb_pprof_sql_cpu	false
tidb	${LOCALHOST}:4000	instance.tidb_rc_read_check_ts	false
tidb	${LOCALHOST}:4000	instance.tidb_record_plan_in_slow_log	1
tidb	${LOCALHOST}:4000	instance.tidb_slow_log_threshold	300
tidb	${LOCALHOST}:4000	instance.tidb_stmt_summary_enable_persistent	false
tidb	${LOCALHOST}:4000	instance.tidb_stmt_summary_file_max_backups	0
tidb	${LOCALHOST}:4000	instance.tidb_stmt_summary_file_max_days	3
tidb	${LOCALHOST}:4000	instance.tidb_stmt_summary_file_max_size	64
tidb	${LOCALHOST}:4000	instance.tidb_stmt_summary_filename	tidb-statements.log
tidb	${LOCALHOST}:4000	is-tiflashcompute-fixed-pool	false
tidb	${LOCALHOST}:4000	isolation-read.engines	["tikv","tiflash","tidb"]
tidb	${LOCALHOST}:4000	keyspace-name	
tidb	${LOCALHOST}:4000	lease	45s
tidb	${LOCALHOST}:4000	log.disable-error-stack	null
tidb	${LOCALHOST}:4000	log.disable-timestamp	null
tidb	${LOCALHOST}:4000	log.enable-error-stack	null
tidb	${LOCALHOST}:4000	log.enable-timestamp	null
tidb	${LOCALHOST}:4000	log.file.filename	${TIUP_DATA_DIR}/tidb-0/tidb.log
tidb	${LOCALHOST}:4000	log.file.max-backups	0
tidb	${LOCALHOST}:4000	log.file.max-days	0
tidb	${LOCALHOST}:4000	log.file.max-size	300
tidb	${LOCALHOST}:4000	log.format	text
tidb	${LOCALHOST}:4000	log.level	info
tidb	${LOCALHOST}:4000	log.slow-query-file	tidb-slow.log
tidb	${LOCALHOST}:4000	log.timeout	0
tidb	${LOCALHOST}:4000	max-ballast-object-size	0
tidb	${LOCALHOST}:4000	max-index-length	3072
tidb	${LOCALHOST}:4000	new_collations_enabled_on_first_bootstrap	true
tidb	${LOCALHOST}:4000	opentracing.enable	false
tidb	${LOCALHOST}:4000	opentracing.reporter.buffer-flush-interval	0
tidb	${LOCALHOST}:4000	opentracing.reporter.local-agent-host-port	
tidb	${LOCALHOST}:4000	opentracing.reporter.log-spans	false
tidb	${LOCALHOST}:4000	opentracing.reporter.queue-size	0
tidb	${LOCALHOST}:4000	opentracing.rpc-metrics	false
tidb	${LOCALHOST}:4000	opentracing.sampler.max-operations	0
tidb	${LOCALHOST}:4000	opentracing.sampler.param	1
tidb	${LOCALHOST}:4000	opentracing.sampler.sampling-refresh-interval	0
tidb	${LOCALHOST}:4000	opentracing.sampler.sampling-server-url	
tidb	${LOCALHOST}:4000	opentracing.sampler.type	const
tidb	${LOCALHOST}:4000	path	${LOCALHOST}:2379
tidb	${LOCALHOST}:4000	pd-client.pd-server-timeout	3
tidb	${LOCALHOST}:4000	performance.analyze-partition-concurrency-quota	16
tidb	${LOCALHOST}:4000	performance.bind-info-lease	3s
tidb	${LOCALHOST}:4000	performance.cross-join	true
tidb	${LOCALHOST}:4000	performance.distinct-agg-push-down	false
tidb	${LOCALHOST}:4000	performance.enable-load-fmsketch	false
tidb	${LOCALHOST}:4000	performance.enable-stats-cache-mem-quota	false
tidb	${LOCALHOST}:4000	performance.enforce-mpp	false
tidb	${LOCALHOST}:4000	performance.force-init-stats	false
tidb	${LOCALHOST}:4000	performance.gogc	100
tidb	${LOCALHOST}:4000	performance.lite-init-stats	false
tidb	${LOCALHOST}:4000	performance.max-procs	0
tidb	${LOCALHOST}:4000	performance.max-txn-ttl	3600000
tidb	${LOCALHOST}:4000	performance.plan-replayer-dump-worker-concurrency	1
tidb	${LOCALHOST}:4000	performance.plan-replayer-gc-lease	10m
tidb	${LOCALHOST}:4000	performance.projection-push-down	false
tidb	${LOCALHOST}:4000	performance.pseudo-estimate-ratio	0.8
tidb	${LOCALHOST}:4000	performance.server-memory-quota	0
tidb	${LOCALHOST}:4000	performance.stats-lease	3s
tidb	${LOCALHOST}:4000	performance.stats-load-concurrency	5
tidb	${LOCALHOST}:4000	performance.stats-load-queue-size	1000
tidb	${LOCALHOST}:4000	performance.stmt-count-limit	5000
tidb	${LOCALHOST}:4000	performance.tcp-keep-alive	true
tidb	${LOCALHOST}:4000	performance.tcp-no-delay	true
tidb	${LOCALHOST}:4000	performance.txn-entry-size-limit	6291456
tidb	${LOCALHOST}:4000	performance.txn-total-size-limit	104857600
tidb	${LOCALHOST}:4000	pessimistic-txn.constraint-check-in-place-pessimistic	true
tidb	${LOCALHOST}:4000	pessimistic-txn.deadlock-history-capacity	10
tidb	${LOCALHOST}:4000	pessimistic-txn.deadlock-history-collect-retryable	false
tidb	${LOCALHOST}:4000	pessimistic-txn.max-retry-count	256
tidb	${LOCALHOST}:4000	pessimistic-txn.pessimistic-auto-commit	false
tidb	${LOCALHOST}:4000	port	4000
tidb	${LOCALHOST}:4000	proxy-protocol.fallbackable	false
tidb	${LOCALHOST}:4000	proxy-protocol.header-timeout	5
tidb	${LOCALHOST}:4000	proxy-protocol.networks	
tidb	${LOCALHOST}:4000	repair-mode	false
tidb	${LOCALHOST}:4000	repair-table-list	[]
tidb	${LOCALHOST}:4000	security.auth-token-jwks	
tidb	${LOCALHOST}:4000	security.auth-token-refresh-interval	1h0m0s
tidb	${LOCALHOST}:4000	security.auto-tls	true
tidb	${LOCALHOST}:4000	security.cluster-ssl-ca	
tidb	${LOCALHOST}:4000	security.cluster-ssl-cert	
tidb	${LOCALHOST}:4000	security.cluster-ssl-key	
tidb	${LOCALHOST}:4000	security.cluster-verify-cn	null
tidb	${LOCALHOST}:4000	security.disconnect-on-expired-password	true
tidb	${LOCALHOST}:4000	security.enable-sem	false
tidb	${LOCALHOST}:4000	security.rsa-key-size	4096
tidb	${LOCALHOST}:4000	security.secure-bootstrap	false
tidb	${LOCALHOST}:4000	security.session-token-signing-cert	
tidb	${LOCALHOST}:4000	security.session-token-signing-key	
tidb	${LOCALHOST}:4000	security.skip-grant-table	false
tidb	${LOCALHOST}:4000	security.spilled-file-encryption-method	plaintext
tidb	${LOCALHOST}:4000	security.ssl-ca	
tidb	${LOCALHOST}:4000	security.ssl-cert	
tidb	${LOCALHOST}:4000	security.ssl-key	
tidb	${LOCALHOST}:4000	security.tls-version	
tidb	${LOCALHOST}:4000	server-version	
tidb	${LOCALHOST}:4000	skip-register-to-dashboard	false
tidb	${LOCALHOST}:4000	socket	/tmp/tidb-4000.sock
tidb	${LOCALHOST}:4000	split-region-max-num	1000
tidb	${LOCALHOST}:4000	split-table	true
tidb	${LOCALHOST}:4000	status.grpc-concurrent-streams	1024
tidb	${LOCALHOST}:4000	status.grpc-initial-window-size	2097152
tidb	${LOCALHOST}:4000	status.grpc-keepalive-time	10
tidb	${LOCALHOST}:4000	status.grpc-keepalive-timeout	3
tidb	${LOCALHOST}:4000	status.grpc-max-send-msg-size	2147483647
tidb	${LOCALHOST}:4000	status.metrics-addr	
tidb	${LOCALHOST}:4000	status.metrics-interval	15
tidb	${LOCALHOST}:4000	status.record-db-label	false
tidb	${LOCALHOST}:4000	status.record-db-qps	false
tidb	${LOCALHOST}:4000	status.report-status	true
tidb	${LOCALHOST}:4000	status.status-host	0.0.0.0
tidb	${LOCALHOST}:4000	status.status-port	10080
tidb	${LOCALHOST}:4000	store	tikv
tidb	${LOCALHOST}:4000	stores-refresh-interval	60
tidb	${LOCALHOST}:4000	table-column-count-limit	1017
tidb	${LOCALHOST}:4000	temp-dir	/tmp/tidb
tidb	${LOCALHOST}:4000	tidb-edition	
tidb	${LOCALHOST}:4000	tidb-enable-exit-check	false
tidb	${LOCALHOST}:4000	tidb-max-reuse-chunk	64
tidb	${LOCALHOST}:4000	tidb-max-reuse-column	256
tidb	${LOCALHOST}:4000	tidb-release-version	
tidb	${LOCALHOST}:4000	tikv-client.async-commit.allowed-clock-drift	500000000
tidb	${LOCALHOST}:4000	tikv-client.async-commit.keys-limit	256
tidb	${LOCALHOST}:4000	tikv-client.async-commit.safe-window	2000000000
tidb	${LOCALHOST}:4000	tikv-client.async-commit.total-key-size-limit	4096
tidb	${LOCALHOST}:4000	tikv-client.batch-wait-size	8
tidb	${LOCALHOST}:4000	tikv-client.commit-timeout	41s
tidb	${LOCALHOST}:4000	tikv-client.copr-cache.capacity-mb	1000
tidb	${LOCALHOST}:4000	tikv-client.enable-chunk-rpc	true
tidb	${LOCALHOST}:4000	tikv-client.grpc-compression-type	none
tidb	${LOCALHOST}:4000	tikv-client.grpc-connection-count	4
tidb	${LOCALHOST}:4000	tikv-client.grpc-initial-conn-window-size	134217728
tidb	${LOCALHOST}:4000	tikv-client.grpc-initial-window-size	134217728
tidb	${LOCALHOST}:4000	tikv-client.grpc-keepalive-time	10
tidb	${LOCALHOST}:4000	tikv-client.grpc-keepalive-timeout	3
tidb	${LOCALHOST}:4000	tikv-client.max-batch-size	128
tidb	${LOCALHOST}:4000	tikv-client.max-batch-wait-time	0
tidb	${LOCALHOST}:4000	tikv-client.overload-threshold	200
tidb	${LOCALHOST}:4000	tikv-client.region-cache-ttl	600
tidb	${LOCALHOST}:4000	tikv-client.resolve-lock-lite-threshold	16
tidb	${LOCALHOST}:4000	tikv-client.store-limit	0
tidb	${LOCALHOST}:4000	tikv-client.store-liveness-timeout	1s
tidb	${LOCALHOST}:4000	tikv-client.ttl-refreshed-txn-size	33554432
tidb	${LOCALHOST}:4000	tmp-storage-path	/var/folders/14/1k29ygbn5cxd6ydccy7djh800000gn/T/501_tidb/MTI3LjAuMC4xOjQwMDAvMC4wLjAuMDoxMDA4MA==/tmp-storage
tidb	${LOCALHOST}:4000	tmp-storage-quota	-1
tidb	${LOCALHOST}:4000	token-limit	1000
tidb	${LOCALHOST}:4000	top-sql.receiver-address	
tidb	${LOCALHOST}:4000	transaction-summary.transaction-id-digest-min-duration	2147483647
tidb	${LOCALHOST}:4000	transaction-summary.transaction-summary-capacity	500
tidb	${LOCALHOST}:4000	treat-old-version-utf8-as-utf8mb4	true
tidb	${LOCALHOST}:4000	use-autoscaler	false
tidb	${LOCALHOST}:4000	version-comment	
pd	${LOCALHOST}:2379	DisableStrictReconfigCheck	false
pd	${LOCALHOST}:2379	ElectionInterval	3s
pd	${LOCALHOST}:2379	HeartbeatStreamBindInterval	1m0s
pd	${LOCALHOST}:2379	LeaderPriorityCheckInterval	1m0s
pd	${LOCALHOST}:2379	PreVote	true
pd	${LOCALHOST}:2379	TickInterval	500ms
pd	${LOCALHOST}:2379	WarningMsgs	null
pd	${LOCALHOST}:2379	advertise-client-urls	http://${LOCALHOST}:2379
pd	${LOCALHOST}:2379	advertise-peer-urls	http://${LOCALHOST}:2380
pd	${LOCALHOST}:2379	auto-compaction-mode	periodic
pd	${LOCALHOST}:2379	auto-compaction-retention-v2	1h
pd	${LOCALHOST}:2379	client-urls	http://${LOCALHOST}:2379
pd	${LOCALHOST}:2379	cluster-version	7.1.6
pd	${LOCALHOST}:2379	controller.degraded-mode-wait-duration	0s
pd	${LOCALHOST}:2379	controller.enable-controller-trace-log	false
pd	${LOCALHOST}:2379	controller.ltb-max-wait-duration	30s
pd	${LOCALHOST}:2379	controller.ltb-token-rpc-max-delay	1s
pd	${LOCALHOST}:2379	controller.request-unit.read-base-cost	0.25
pd	${LOCALHOST}:2379	controller.request-unit.read-cost-per-byte	0.0000152587890625
pd	${LOCALHOST}:2379	controller.request-unit.read-cpu-ms-cost	0.3333333333333333
pd	${LOCALHOST}:2379	controller.request-unit.write-base-cost	1
pd	${LOCALHOST}:2379	controller.request-unit.write-cost-per-byte	0.0009765625
pd	${LOCALHOST}:2379	dashboard.enable-experimental	false
pd	${LOCALHOST}:2379	dashboard.enable-telemetry	false
pd	${LOCALHOST}:2379	dashboard.internal-proxy	false
pd	${LOCALHOST}:2379	dashboard.public-path-prefix	
pd	${LOCALHOST}:2379	dashboard.tidb-cacert-path	
pd	${LOCALHOST}:2379	dashboard.tidb-cert-path	
pd	${LOCALHOST}:2379	dashboard.tidb-key-path	
pd	${LOCALHOST}:2379	data-dir	${TIUP_DATA_DIR}/pd-0/data
pd	${LOCALHOST}:2379	enable-grpc-gateway	true
pd	${LOCALHOST}:2379	enable-local-tso	false
pd	${LOCALHOST}:2379	force-new-cluster	false
pd	${LOCALHOST}:2379	initial-cluster	pd-0=http://${LOCALHOST}:2380
pd	${LOCALHOST}:2379	initial-cluster-state	new
pd	${LOCALHOST}:2379	initial-cluster-token	pd-cluster
pd	${LOCALHOST}:2379	join	
pd	${LOCALHOST}:2379	keyspace.pre-alloc	null
pd	${LOCALHOST}:2379	lease	3
pd	${LOCALHOST}:2379	log.development	false
pd	${LOCALHOST}:2379	log.disable-caller	false
pd	${LOCALHOST}:2379	log.disable-error-verbose	true
pd	${LOCALHOST}:2379	log.disable-stacktrace	false
pd	${LOCALHOST}:2379	log.disable-timestamp	false
pd	${LOCALHOST}:2379	log.error-output-path	
pd	${LOCALHOST}:2379	log.file.filename	${TIUP_DATA_DIR}/pd-0/pd.log
pd	${LOCALHOST}:2379	log.file.max-backups	0
pd	${LOCALHOST}:2379	log.file.max-days	0
pd	${LOCALHOST}:2379	log.file.max-size	0
pd	${LOCALHOST}:2379	log.format	text
pd	${LOCALHOST}:2379	log.level	info
pd	${LOCALHOST}:2379	log.sampling	null
pd	${LOCALHOST}:2379	max-request-bytes	157286400
pd	${LOCALHOST}:2379	metric.address	
pd	${LOCALHOST}:2379	metric.interval	15s
pd	${LOCALHOST}:2379	metric.job	pd-0
pd	${LOCALHOST}:2379	name	pd-0
pd	${LOCALHOST}:2379	pd-server.dashboard-address	http://${LOCALHOST}:2379
pd	${LOCALHOST}:2379	pd-server.enable-gogc-tuner	false
pd	${LOCALHOST}:2379	pd-server.flow-round-by-digit	3
pd	${LOCALHOST}:2379	pd-server.gc-tuner-threshold	0.6
pd	${LOCALHOST}:2379	pd-server.key-type	table
pd	${LOCALHOST}:2379	pd-server.max-gap-reset-ts	24h0m0s
pd	${LOCALHOST}:2379	pd-server.metric-storage	
pd	${LOCALHOST}:2379	pd-server.min-resolved-ts-persistence-interval	1s
pd	${LOCALHOST}:2379	pd-server.runtime-services	
pd	${LOCALHOST}:2379	pd-server.server-memory-limit	0
pd	${LOCALHOST}:2379	pd-server.server-memory-limit-gc-trigger	0.7
pd	${LOCALHOST}:2379	pd-server.use-region-storage	true
pd	${LOCALHOST}:2379	peer-urls	http://${LOCALHOST}:2380
pd	${LOCALHOST}:2379	quota-backend-bytes	8GiB
pd	${LOCALHOST}:2379	replication-mode.dr-auto-sync.dr	
pd	${LOCALHOST}:2379	replication-mode.dr-auto-sync.dr-replicas	0
pd	${LOCALHOST}:2379	replication-mode.dr-auto-sync.label-key	
pd	${LOCALHOST}:2379	replication-mode.dr-auto-sync.pause-region-split	false
pd	${LOCALHOST}:2379	replication-mode.dr-auto-sync.primary	
pd	${LOCALHOST}:2379	replication-mode.dr-auto-sync.primary-replicas	0
pd	${LOCALHOST}:2379	replication-mode.dr-auto-sync.wait-recover-timeout	0s
pd	${LOCALHOST}:2379	replication-mode.dr-auto-sync.wait-store-timeout	1m0s
pd	${LOCALHOST}:2379	replication-mode.replication-mode	majority
pd	${LOCALHOST}:2379	replication.enable-placement-rules	true
pd	${LOCALHOST}:2379	replication.enable-placement-rules-cache	false
pd	${LOCALHOST}:2379	replication.isolation-level	
pd	${LOCALHOST}:2379	replication.location-labels	
pd	${LOCALHOST}:2379	replication.max-replicas	3
pd	${LOCALHOST}:2379	replication.strictly-match-label	false
pd	${LOCALHOST}:2379	schedule.enable-cross-table-merge	true
pd	${LOCALHOST}:2379	schedule.enable-debug-metrics	false
pd	${LOCALHOST}:2379	schedule.enable-diagnostic	true
pd	${LOCALHOST}:2379	schedule.enable-joint-consensus	true
pd	${LOCALHOST}:2379	schedule.enable-location-replacement	true
pd	${LOCALHOST}:2379	schedule.enable-make-up-replica	true
pd	${LOCALHOST}:2379	schedule.enable-one-way-merge	false
pd	${LOCALHOST}:2379	schedule.enable-remove-down-replica	true
pd	${LOCALHOST}:2379	schedule.enable-remove-extra-replica	true
pd	${LOCALHOST}:2379	schedule.enable-replace-offline-replica	true
pd	${LOCALHOST}:2379	schedule.enable-tikv-split-region	true
pd	${LOCALHOST}:2379	schedule.enable-witness	false
pd	${LOCALHOST}:2379	schedule.high-space-ratio	0.7
pd	${LOCALHOST}:2379	schedule.hot-region-cache-hits-threshold	3
pd	${LOCALHOST}:2379	schedule.hot-region-schedule-limit	4
pd	${LOCALHOST}:2379	schedule.hot-regions-reserved-days	7
pd	${LOCALHOST}:2379	schedule.hot-regions-write-interval	10m0s
pd	${LOCALHOST}:2379	schedule.leader-schedule-limit	4
pd	${LOCALHOST}:2379	schedule.leader-schedule-policy	count
pd	${LOCALHOST}:2379	schedule.low-space-ratio	0.8
pd	${LOCALHOST}:2379	schedule.max-merge-region-keys	200000
pd	${LOCALHOST}:2379	schedule.max-merge-region-size	20
pd	${LOCALHOST}:2379	schedule.max-pending-peer-count	64
pd	${LOCALHOST}:2379	schedule.max-snapshot-count	64
pd	${LOCALHOST}:2379	schedule.max-store-down-time	30m0s
pd	${LOCALHOST}:2379	schedule.max-store-preparing-time	48h0m0s
pd	${LOCALHOST}:2379	schedule.merge-schedule-limit	8
pd	${LOCALHOST}:2379	schedule.patrol-region-interval	100ms
pd	${LOCALHOST}:2379	schedule.region-schedule-limit	2048
pd	${LOCALHOST}:2379	schedule.region-score-formula-version	v2
pd	${LOCALHOST}:2379	schedule.replica-schedule-limit	64
pd	${LOCALHOST}:2379	schedule.scheduler-max-waiting-operator	5
pd	${LOCALHOST}:2379	schedule.schedulers-payload.balance-hot-region-scheduler.byte-rate-rank-step-ratio	0.05
pd	${LOCALHOST}:2379	schedule.schedulers-payload.balance-hot-region-scheduler.count-rank-step-ratio	0.01
pd	${LOCALHOST}:2379	schedule.schedulers-payload.balance-hot-region-scheduler.dst-tolerance-ratio	1.05
pd	${LOCALHOST}:2379	schedule.schedulers-payload.balance-hot-region-scheduler.enable-for-tiflash	true
pd	${LOCALHOST}:2379	schedule.schedulers-payload.balance-hot-region-scheduler.forbid-rw-type	none
pd	${LOCALHOST}:2379	schedule.schedulers-payload.balance-hot-region-scheduler.great-dec-ratio	0.95
pd	${LOCALHOST}:2379	schedule.schedulers-payload.balance-hot-region-scheduler.key-rate-rank-step-ratio	0.05
pd	${LOCALHOST}:2379	schedule.schedulers-payload.balance-hot-region-scheduler.max-peer-number	1000
pd	${LOCALHOST}:2379	schedule.schedulers-payload.balance-hot-region-scheduler.max-zombie-rounds	3
pd	${LOCALHOST}:2379	schedule.schedulers-payload.balance-hot-region-scheduler.min-hot-byte-rate	100
pd	${LOCALHOST}:2379	schedule.schedulers-payload.balance-hot-region-scheduler.min-hot-key-rate	10
pd	${LOCALHOST}:2379	schedule.schedulers-payload.balance-hot-region-scheduler.min-hot-query-rate	10
pd	${LOCALHOST}:2379	schedule.schedulers-payload.balance-hot-region-scheduler.minor-dec-ratio	0.99
pd	${LOCALHOST}:2379	schedule.schedulers-payload.balance-hot-region-scheduler.query-rate-rank-step-ratio	0.05
pd	${LOCALHOST}:2379	schedule.schedulers-payload.balance-hot-region-scheduler.rank-formula-version	v2
pd	${LOCALHOST}:2379	schedule.schedulers-payload.balance-hot-region-scheduler.read-priorities	["query","byte"]
pd	${LOCALHOST}:2379	schedule.schedulers-payload.balance-hot-region-scheduler.src-tolerance-ratio	1.05
pd	${LOCALHOST}:2379	schedule.schedulers-payload.balance-hot-region-scheduler.strict-picking-store	true
pd	${LOCALHOST}:2379	schedule.schedulers-payload.balance-hot-region-scheduler.write-leader-priorities	["query","byte"]
pd	${LOCALHOST}:2379	schedule.schedulers-payload.balance-hot-region-scheduler.write-peer-priorities	["byte","key"]
pd	${LOCALHOST}:2379	schedule.schedulers-payload.balance-leader-scheduler.batch	4
pd	${LOCALHOST}:2379	schedule.schedulers-payload.balance-leader-scheduler.ranges	[{"end-key":"","start-key":""}]
pd	${LOCALHOST}:2379	schedule.schedulers-payload.balance-region-scheduler.name	balance-region-scheduler
pd	${LOCALHOST}:2379	schedule.schedulers-payload.balance-region-scheduler.ranges	[{"end-key":"","start-key":""}]
pd	${LOCALHOST}:2379	schedule.schedulers-payload.balance-witness-scheduler.batch	4
pd	${LOCALHOST}:2379	schedule.schedulers-payload.balance-witness-scheduler.ranges	[{"end-key":"","start-key":""}]
pd	${LOCALHOST}:2379	schedule.schedulers-payload.transfer-witness-leader-scheduler	null
pd	${LOCALHOST}:2379	schedule.schedulers-v2	[{"args":null,"args-payload":"","disable":false,"type":"balance-region"},{"args":null,"args-payload":"","disable":false,"type":"balance-leader"},{"args":null,"args-payload":"","disable":false,"type":"balance-witness"},{"args":null,"args-payload":"","disable":false,"type":"hot-region"},{"args":null,"args-payload":"","disable":false,"type":"transfer-witness-leader"}]
pd	${LOCALHOST}:2379	schedule.slow-store-evicting-affected-store-ratio-threshold	0.3
pd	${LOCALHOST}:2379	schedule.split-merge-interval	1h0m0s
pd	${LOCALHOST}:2379	schedule.store-limit-mode	manual
pd	${LOCALHOST}:2379	schedule.store-limit-version	v1
pd	${LOCALHOST}:2379	schedule.store-limit.1.add-peer	15
pd	${LOCALHOST}:2379	schedule.store-limit.1.remove-peer	15
pd	${LOCALHOST}:2379	schedule.store-limit.112.add-peer	30
pd	${LOCALHOST}:2379	schedule.store-limit.112.remove-peer	30
pd	${LOCALHOST}:2379	schedule.swtich-witness-interval	1h0m0s
pd	${LOCALHOST}:2379	schedule.tolerant-size-ratio	0
pd	${LOCALHOST}:2379	schedule.witness-schedule-limit	4
pd	${LOCALHOST}:2379	security.SSLCABytes	null
pd	${LOCALHOST}:2379	security.SSLCertBytes	null
pd	${LOCALHOST}:2379	security.SSLKEYBytes	null
pd	${LOCALHOST}:2379	security.cacert-path	
pd	${LOCALHOST}:2379	security.cert-allowed-cn	null
pd	${LOCALHOST}:2379	security.cert-path	
pd	${LOCALHOST}:2379	security.encryption.data-encryption-method	plaintext
pd	${LOCALHOST}:2379	security.encryption.data-key-rotation-period	168h0m0s
pd	${LOCALHOST}:2379	security.encryption.master-key.endpoint	
pd	${LOCALHOST}:2379	security.encryption.master-key.key-id	
pd	${LOCALHOST}:2379	security.encryption.master-key.path	
pd	${LOCALHOST}:2379	security.encryption.master-key.region	
pd	${LOCALHOST}:2379	security.encryption.master-key.type	plaintext
pd	${LOCALHOST}:2379	security.key-path	
pd	${LOCALHOST}:2379	security.redact-info-log	false
pd	${LOCALHOST}:2379	tso-save-interval	3s
pd	${LOCALHOST}:2379	tso-update-physical-interval	50ms
tikv	${LOCALHOST}:20160	abort-on-panic	false
tikv	${LOCALHOST}:20160	backup.auto-tune-refresh-interval	1m
tikv	${LOCALHOST}:20160	backup.auto-tune-remain-threads	2
tikv	${LOCALHOST}:20160	backup.batch-size	8
tikv	${LOCALHOST}:20160	backup.enable-auto-tune	true
tikv	${LOCALHOST}:20160	backup.hadoop.home	
tikv	${LOCALHOST}:20160	backup.hadoop.linux-user	
tikv	${LOCALHOST}:20160	backup.io-thread-size	2
tikv	${LOCALHOST}:20160	backup.num-threads	4
tikv	${LOCALHOST}:20160	backup.s3-multi-part-size	5MiB
tikv	${LOCALHOST}:20160	backup.sst-max-size	144MiB
tikv	${LOCALHOST}:20160	causal-ts.alloc-ahead-buffer	3s
tikv	${LOCALHOST}:20160	causal-ts.renew-batch-max-size	8192
tikv	${LOCALHOST}:20160	causal-ts.renew-batch-min-size	100
tikv	${LOCALHOST}:20160	causal-ts.renew-interval	100ms
tikv	${LOCALHOST}:20160	cdc.hibernate-regions-compatible	true
tikv	${LOCALHOST}:20160	cdc.incremental-fetch-speed-limit	512MiB
tikv	${LOCALHOST}:20160	cdc.incremental-scan-concurrency	6
tikv	${LOCALHOST}:20160	cdc.incremental-scan-speed-limit	128MiB
tikv	${LOCALHOST}:20160	cdc.incremental-scan-threads	4
tikv	${LOCALHOST}:20160	cdc.incremental-scan-ts-filter-ratio	0.2
tikv	${LOCALHOST}:20160	cdc.min-ts-interval	1s
tikv	${LOCALHOST}:20160	cdc.old-value-cache-memory-quota	512MiB
tikv	${LOCALHOST}:20160	cdc.sink-memory-quota	512MiB
tikv	${LOCALHOST}:20160	cdc.tso-worker-threads	1
tikv	${LOCALHOST}:20160	coprocessor-v2.coprocessor-plugin-directory	null
tikv	${LOCALHOST}:20160	coprocessor.batch-split-limit	10
tikv	${LOCALHOST}:20160	coprocessor.consistency-check-method	mvcc
tikv	${LOCALHOST}:20160	coprocessor.enable-region-bucket	null
tikv	${LOCALHOST}:20160	coprocessor.prefer-approximate-bucket	true
tikv	${LOCALHOST}:20160	coprocessor.region-bucket-merge-size-ratio	0.33
tikv	${LOCALHOST}:20160	coprocessor.region-bucket-size	96MiB
tikv	${LOCALHOST}:20160	coprocessor.region-max-keys	1440000
tikv	${LOCALHOST}:20160	coprocessor.region-max-size	144MiB
tikv	${LOCALHOST}:20160	coprocessor.region-size-threshold-for-approximate	1440MiB
tikv	${LOCALHOST}:20160	coprocessor.region-split-keys	960000
tikv	${LOCALHOST}:20160	coprocessor.region-split-size	96MiB
tikv	${LOCALHOST}:20160	coprocessor.split-region-on-table	false
tikv	${LOCALHOST}:20160	gc.batch-keys	512
tikv	${LOCALHOST}:20160	gc.compaction-filter-skip-version-check	false
tikv	${LOCALHOST}:20160	gc.enable-compaction-filter	true
tikv	${LOCALHOST}:20160	gc.max-write-bytes-per-sec	0KiB
tikv	${LOCALHOST}:20160	gc.num-threads	1
tikv	${LOCALHOST}:20160	gc.ratio-threshold	1.1
tikv	${LOCALHOST}:20160	import.import-mode-timeout	10m
tikv	${LOCALHOST}:20160	import.memory-use-ratio	0.3
tikv	${LOCALHOST}:20160	import.num-threads	8
tikv	${LOCALHOST}:20160	import.stream-channel-window	128
tikv	${LOCALHOST}:20160	log-backup.enable	true
tikv	${LOCALHOST}:20160	log-backup.file-size-limit	256MiB
tikv	${LOCALHOST}:20160	log-backup.initial-scan-concurrency	6
tikv	${LOCALHOST}:20160	log-backup.initial-scan-pending-memory-quota	512MiB
tikv	${LOCALHOST}:20160	log-backup.initial-scan-rate-limit	60MiB
tikv	${LOCALHOST}:20160	log-backup.max-flush-interval	3m
tikv	${LOCALHOST}:20160	log-backup.min-ts-interval	10s
tikv	${LOCALHOST}:20160	log-backup.num-threads	4
tikv	${LOCALHOST}:20160	log-backup.temp-path	${TIUP_DATA_DIR}/tikv-0/data/log-backup-temp
tikv	${LOCALHOST}:20160	log-file	
tikv	${LOCALHOST}:20160	log-format	text
tikv	${LOCALHOST}:20160	log-level	info
tikv	${LOCALHOST}:20160	log-rotation-size	300MiB
tikv	${LOCALHOST}:20160	log-rotation-timespan	0s
tikv	${LOCALHOST}:20160	log.enable-timestamp	true
tikv	${LOCALHOST}:20160	log.file.filename	${TIUP_DATA_DIR}/tikv-0/tikv.log
tikv	${LOCALHOST}:20160	log.file.max-backups	0
tikv	${LOCALHOST}:20160	log.file.max-days	0
tikv	${LOCALHOST}:20160	log.file.max-size	300
tikv	${LOCALHOST}:20160	log.format	text
tikv	${LOCALHOST}:20160	log.level	info
tikv	${LOCALHOST}:20160	memory-usage-high-water	0.9
tikv	${LOCALHOST}:20160	memory-usage-limit	12595145386B
tikv	${LOCALHOST}:20160	pd.enable-forwarding	false
tikv	${LOCALHOST}:20160	pd.endpoints	["http://${LOCALHOST}:2379"]
tikv	${LOCALHOST}:20160	pd.retry-interval	300ms
tikv	${LOCALHOST}:20160	pd.retry-log-every	10
tikv	${LOCALHOST}:20160	pd.retry-max-count	9223372036854776000
tikv	${LOCALHOST}:20160	pd.update-interval	10m
tikv	${LOCALHOST}:20160	pessimistic-txn.in-memory	true
tikv	${LOCALHOST}:20160	pessimistic-txn.pipelined	true
tikv	${LOCALHOST}:20160	pessimistic-txn.wait-for-lock-timeout	1s
tikv	${LOCALHOST}:20160	pessimistic-txn.wake-up-delay-duration	20ms
tikv	${LOCALHOST}:20160	quota.background-cpu-time	0
tikv	${LOCALHOST}:20160	quota.background-read-bandwidth	0KiB
tikv	${LOCALHOST}:20160	quota.background-write-bandwidth	0KiB
tikv	${LOCALHOST}:20160	quota.enable-auto-tune	false
tikv	${LOCALHOST}:20160	quota.foreground-cpu-time	0
tikv	${LOCALHOST}:20160	quota.foreground-read-bandwidth	0KiB
tikv	${LOCALHOST}:20160	quota.foreground-write-bandwidth	0KiB
tikv	${LOCALHOST}:20160	quota.max-delay-duration	500ms
tikv	${LOCALHOST}:20160	raft-engine.batch-compression-threshold	8KiB
tikv	${LOCALHOST}:20160	raft-engine.bytes-per-sync	null
tikv	${LOCALHOST}:20160	raft-engine.dir	${TIUP_DATA_DIR}/tikv-0/data/raft-engine
tikv	${LOCALHOST}:20160	raft-engine.enable	true
tikv	${LOCALHOST}:20160	raft-engine.enable-log-recycle	true
tikv	${LOCALHOST}:20160	raft-engine.format-version	2
tikv	${LOCALHOST}:20160	raft-engine.memory-limit	2576980377
tikv	${LOCALHOST}:20160	raft-engine.prefill-for-recycle	false
tikv	${LOCALHOST}:20160	raft-engine.prefill-limit	null
tikv	${LOCALHOST}:20160	raft-engine.purge-rewrite-garbage-ratio	0.6
tikv	${LOCALHOST}:20160	raft-engine.purge-rewrite-threshold	1GiB
tikv	${LOCALHOST}:20160	raft-engine.purge-threshold	10GiB
tikv	${LOCALHOST}:20160	raft-engine.recovery-mode	tolerate-corrupted-tail-records
tikv	${LOCALHOST}:20160	raft-engine.recovery-read-block-size	16KiB
tikv	${LOCALHOST}:20160	raft-engine.recovery-threads	4
tikv	${LOCALHOST}:20160	raft-engine.spill-dir	null
tikv	${LOCALHOST}:20160	raft-engine.target-file-size	128MiB
tikv	${LOCALHOST}:20160	raftdb.allow-concurrent-memtable-write	true
tikv	${LOCALHOST}:20160	raftdb.bytes-per-sync	1MiB
tikv	${LOCALHOST}:20160	raftdb.compaction-readahead-size	0KiB
tikv	${LOCALHOST}:20160	raftdb.create-if-missing	true
tikv	${LOCALHOST}:20160	raftdb.defaultcf.block-based-bloom-filter	false
tikv	${LOCALHOST}:20160	raftdb.defaultcf.block-cache-size	327MiB
tikv	${LOCALHOST}:20160	raftdb.defaultcf.block-size	64KiB
tikv	${LOCALHOST}:20160	raftdb.defaultcf.bloom-filter-bits-per-key	10
tikv	${LOCALHOST}:20160	raftdb.defaultcf.bottommost-level-compression	disable
tikv	${LOCALHOST}:20160	raftdb.defaultcf.bottommost-zstd-compression-dict-size	0
tikv	${LOCALHOST}:20160	raftdb.defaultcf.bottommost-zstd-compression-sample-size	0
tikv	${LOCALHOST}:20160	raftdb.defaultcf.cache-index-and-filter-blocks	true
tikv	${LOCALHOST}:20160	raftdb.defaultcf.checksum	crc32c
tikv	${LOCALHOST}:20160	raftdb.defaultcf.compaction-guard-max-output-file-size	128MiB
tikv	${LOCALHOST}:20160	raftdb.defaultcf.compaction-guard-min-output-file-size	8MiB
tikv	${LOCALHOST}:20160	raftdb.defaultcf.compaction-pri	0
tikv	${LOCALHOST}:20160	raftdb.defaultcf.compaction-style	0
tikv	${LOCALHOST}:20160	raftdb.defaultcf.compression-per-level	["no","no","lz4","lz4","lz4","zstd","zstd"]
tikv	${LOCALHOST}:20160	raftdb.defaultcf.disable-auto-compactions	false
tikv	${LOCALHOST}:20160	raftdb.defaultcf.disable-block-cache	false
tikv	${LOCALHOST}:20160	raftdb.defaultcf.disable-write-stall	false
tikv	${LOCALHOST}:20160	raftdb.defaultcf.dynamic-level-bytes	true
tikv	${LOCALHOST}:20160	raftdb.defaultcf.enable-compaction-guard	null
tikv	${LOCALHOST}:20160	raftdb.defaultcf.enable-doubly-skiplist	true
tikv	${LOCALHOST}:20160	raftdb.defaultcf.force-consistency-checks	false
tikv	${LOCALHOST}:20160	raftdb.defaultcf.format-version	2
tikv	${LOCALHOST}:20160	raftdb.defaultcf.hard-pending-compaction-bytes-limit	1TiB
tikv	${LOCALHOST}:20160	raftdb.defaultcf.level0-file-num-compaction-trigger	4
tikv	${LOCALHOST}:20160	raftdb.defaultcf.level0-slowdown-writes-trigger	20
tikv	${LOCALHOST}:20160	raftdb.defaultcf.level0-stop-writes-trigger	20
tikv	${LOCALHOST}:20160	raftdb.defaultcf.max-bytes-for-level-base	512MiB
tikv	${LOCALHOST}:20160	raftdb.defaultcf.max-bytes-for-level-multiplier	10
tikv	${LOCALHOST}:20160	raftdb.defaultcf.max-compaction-bytes	2GiB
tikv	${LOCALHOST}:20160	raftdb.defaultcf.max-compactions	0
tikv	${LOCALHOST}:20160	raftdb.defaultcf.max-write-buffer-number	5
tikv	${LOCALHOST}:20160	raftdb.defaultcf.min-write-buffer-number-to-merge	1
tikv	${LOCALHOST}:20160	raftdb.defaultcf.num-levels	7
tikv	${LOCALHOST}:20160	raftdb.defaultcf.optimize-filters-for-hits	true
tikv	${LOCALHOST}:20160	raftdb.defaultcf.periodic-compaction-seconds	null
tikv	${LOCALHOST}:20160	raftdb.defaultcf.pin-l0-filter-and-index-blocks	true
tikv	${LOCALHOST}:20160	raftdb.defaultcf.prepopulate-block-cache	disabled
tikv	${LOCALHOST}:20160	raftdb.defaultcf.prop-keys-index-distance	40960
tikv	${LOCALHOST}:20160	raftdb.defaultcf.prop-size-index-distance	4194304
tikv	${LOCALHOST}:20160	raftdb.defaultcf.read-amp-bytes-per-bit	0
tikv	${LOCALHOST}:20160	raftdb.defaultcf.soft-pending-compaction-bytes-limit	192GiB
tikv	${LOCALHOST}:20160	raftdb.defaultcf.target-file-size-base	null
tikv	${LOCALHOST}:20160	raftdb.defaultcf.titan.blob-cache-size	0KiB
tikv	${LOCALHOST}:20160	raftdb.defaultcf.titan.blob-file-compression	lz4
tikv	${LOCALHOST}:20160	raftdb.defaultcf.titan.blob-run-mode	normal
tikv	${LOCALHOST}:20160	raftdb.defaultcf.titan.discardable-ratio	0.5
tikv	${LOCALHOST}:20160	raftdb.defaultcf.titan.level-merge	false
tikv	${LOCALHOST}:20160	raftdb.defaultcf.titan.max-gc-batch-size	64MiB
tikv	${LOCALHOST}:20160	raftdb.defaultcf.titan.max-sorted-runs	20
tikv	${LOCALHOST}:20160	raftdb.defaultcf.titan.merge-small-file-threshold	8MiB
tikv	${LOCALHOST}:20160	raftdb.defaultcf.titan.min-blob-size	1KiB
tikv	${LOCALHOST}:20160	raftdb.defaultcf.titan.min-gc-batch-size	16MiB
tikv	${LOCALHOST}:20160	raftdb.defaultcf.titan.range-merge	true
tikv	${LOCALHOST}:20160	raftdb.defaultcf.ttl	null
tikv	${LOCALHOST}:20160	raftdb.defaultcf.use-bloom-filter	false
tikv	${LOCALHOST}:20160	raftdb.defaultcf.whole-key-filtering	true
tikv	${LOCALHOST}:20160	raftdb.defaultcf.write-buffer-size	128MiB
tikv	${LOCALHOST}:20160	raftdb.enable-pipelined-write	true
tikv	${LOCALHOST}:20160	raftdb.enable-unordered-write	false
tikv	${LOCALHOST}:20160	raftdb.info-log-dir	
tikv	${LOCALHOST}:20160	raftdb.info-log-keep-log-file-num	10
tikv	${LOCALHOST}:20160	raftdb.info-log-level	info
tikv	${LOCALHOST}:20160	raftdb.info-log-max-size	1GiB
tikv	${LOCALHOST}:20160	raftdb.info-log-roll-time	0s
tikv	${LOCALHOST}:20160	raftdb.max-background-flushes	1
tikv	${LOCALHOST}:20160	raftdb.max-background-jobs	4
tikv	${LOCALHOST}:20160	raftdb.max-manifest-file-size	20MiB
tikv	${LOCALHOST}:20160	raftdb.max-open-files	256
tikv	${LOCALHOST}:20160	raftdb.max-sub-compactions	2
tikv	${LOCALHOST}:20160	raftdb.max-total-wal-size	4GiB
tikv	${LOCALHOST}:20160	raftdb.stats-dump-period	10m
tikv	${LOCALHOST}:20160	raftdb.titan.dirname	
tikv	${LOCALHOST}:20160	raftdb.titan.disable-gc	false
tikv	${LOCALHOST}:20160	raftdb.titan.enabled	false
tikv	${LOCALHOST}:20160	raftdb.titan.max-background-gc	4
tikv	${LOCALHOST}:20160	raftdb.titan.purge-obsolete-files-period	10s
tikv	${LOCALHOST}:20160	raftdb.use-direct-io-for-flush-and-compaction	false
tikv	${LOCALHOST}:20160	raftdb.wal-bytes-per-sync	512KiB
tikv	${LOCALHOST}:20160	raftdb.wal-dir	
tikv	${LOCALHOST}:20160	raftdb.wal-recovery-mode	2
tikv	${LOCALHOST}:20160	raftdb.wal-size-limit	0KiB
tikv	${LOCALHOST}:20160	raftdb.wal-ttl-seconds	0
tikv	${LOCALHOST}:20160	raftdb.writable-file-max-buffer-size	1MiB
tikv	${LOCALHOST}:20160	raftstore.abnormal-leader-missing-duration	10m
tikv	${LOCALHOST}:20160	raftstore.apply-low-priority-pool-size	1
tikv	${LOCALHOST}:20160	raftstore.apply-max-batch-size	256
tikv	${LOCALHOST}:20160	raftstore.apply-pool-size	2
tikv	${LOCALHOST}:20160	raftstore.apply-reschedule-duration	5s
tikv	${LOCALHOST}:20160	raftstore.apply-yield-write-size	32KiB
tikv	${LOCALHOST}:20160	raftstore.capacity	0KiB
tikv	${LOCALHOST}:20160	raftstore.check-leader-lease-interval	2s250ms
tikv	${LOCALHOST}:20160	raftstore.check-long-uncommitted-interval	10s
tikv	${LOCALHOST}:20160	raftstore.clean-stale-ranges-tick	10
tikv	${LOCALHOST}:20160	raftstore.cleanup-import-sst-interval	10m
tikv	${LOCALHOST}:20160	raftstore.cmd-batch	true
tikv	${LOCALHOST}:20160	raftstore.cmd-batch-concurrent-ready-max-count	1
tikv	${LOCALHOST}:20160	raftstore.consistency-check-interval	0s
tikv	${LOCALHOST}:20160	raftstore.evict-cache-on-memory-ratio	0.1
tikv	${LOCALHOST}:20160	raftstore.future-poll-size	1
tikv	${LOCALHOST}:20160	raftstore.hibernate-regions	true
tikv	${LOCALHOST}:20160	raftstore.inspect-interval	500ms
tikv	${LOCALHOST}:20160	raftstore.io-reschedule-concurrent-max-count	4
tikv	${LOCALHOST}:20160	raftstore.io-reschedule-hotpot-duration	5s
tikv	${LOCALHOST}:20160	raftstore.local-read-batch-size	1024
tikv	${LOCALHOST}:20160	raftstore.lock-cf-compact-bytes-threshold	256MiB
tikv	${LOCALHOST}:20160	raftstore.lock-cf-compact-interval	10m
tikv	${LOCALHOST}:20160	raftstore.long-uncommitted-base-threshold	20s
tikv	${LOCALHOST}:20160	raftstore.max-entry-cache-warmup-duration	1s
tikv	${LOCALHOST}:20160	raftstore.max-leader-missing-duration	2h
tikv	${LOCALHOST}:20160	raftstore.max-peer-down-duration	10m
tikv	${LOCALHOST}:20160	raftstore.max-snapshot-file-raw-size	100MiB
tikv	${LOCALHOST}:20160	raftstore.merge-check-tick-interval	2s
tikv	${LOCALHOST}:20160	raftstore.messages-per-tick	4096
tikv	${LOCALHOST}:20160	raftstore.notify-capacity	40960
tikv	${LOCALHOST}:20160	raftstore.pd-heartbeat-tick-interval	1m
tikv	${LOCALHOST}:20160	raftstore.pd-store-heartbeat-tick-interval	10s
tikv	${LOCALHOST}:20160	raftstore.peer-stale-state-check-interval	5m
tikv	${LOCALHOST}:20160	raftstore.perf-level	0
tikv	${LOCALHOST}:20160	raftstore.prevote	true
tikv	${LOCALHOST}:20160	raftstore.raft-engine-purge-interval	10s
tikv	${LOCALHOST}:20160	raftstore.raft-entry-cache-life-time	30s
tikv	${LOCALHOST}:20160	raftstore.raft-entry-max-size	8MiB
tikv	${LOCALHOST}:20160	raftstore.raft-log-compact-sync-interval	2s
tikv	${LOCALHOST}:20160	raftstore.raft-log-gc-count-limit	73728
tikv	${LOCALHOST}:20160	raftstore.raft-log-gc-size-limit	72MiB
tikv	${LOCALHOST}:20160	raftstore.raft-log-gc-threshold	50
tikv	${LOCALHOST}:20160	raftstore.raft-log-gc-tick-interval	3s
tikv	${LOCALHOST}:20160	raftstore.raft-max-inflight-msgs	256
tikv	${LOCALHOST}:20160	raftstore.raft-max-size-per-msg	1MiB
tikv	${LOCALHOST}:20160	raftstore.raft-store-max-leader-lease	9s
tikv	${LOCALHOST}:20160	raftstore.raft-write-size-limit	1MiB
tikv	${LOCALHOST}:20160	raftstore.raftdb-path	${TIUP_DATA_DIR}/tikv-0/data/raft
tikv	${LOCALHOST}:20160	raftstore.reactive-memory-lock-tick-interval	2s
tikv	${LOCALHOST}:20160	raftstore.reactive-memory-lock-timeout-tick	5
tikv	${LOCALHOST}:20160	raftstore.region-compact-check-interval	5m
tikv	${LOCALHOST}:20160	raftstore.region-compact-check-step	100
tikv	${LOCALHOST}:20160	raftstore.region-compact-min-redundant-rows	50000
tikv	${LOCALHOST}:20160	raftstore.region-compact-min-tombstones	10000
tikv	${LOCALHOST}:20160	raftstore.region-compact-redundant-rows-percent	20
tikv	${LOCALHOST}:20160	raftstore.region-compact-tombstones-percent	30
tikv	${LOCALHOST}:20160	raftstore.region-split-check-diff	6MiB
tikv	${LOCALHOST}:20160	raftstore.region-worker-tick-interval	1s
tikv	${LOCALHOST}:20160	raftstore.renew-leader-lease-advance-duration	2s250ms
tikv	${LOCALHOST}:20160	raftstore.report-min-resolved-ts-interval	1s
tikv	${LOCALHOST}:20160	raftstore.report-region-buckets-tick-interval	10s
tikv	${LOCALHOST}:20160	raftstore.request-voter-replicated-index-interval	5m
tikv	${LOCALHOST}:20160	raftstore.slow-trend-unsensitive-cause	10
tikv	${LOCALHOST}:20160	raftstore.slow-trend-unsensitive-result	0.5
tikv	${LOCALHOST}:20160	raftstore.snap-apply-batch-size	10MiB
tikv	${LOCALHOST}:20160	raftstore.snap-gc-timeout	4h
tikv	${LOCALHOST}:20160	raftstore.snap-generator-pool-size	2
tikv	${LOCALHOST}:20160	raftstore.snap-mgr-gc-tick-interval	1m
tikv	${LOCALHOST}:20160	raftstore.split-region-check-tick-interval	10s
tikv	${LOCALHOST}:20160	raftstore.store-io-notify-capacity	40960
tikv	${LOCALHOST}:20160	raftstore.store-io-pool-size	0
tikv	${LOCALHOST}:20160	raftstore.store-low-priority-pool-size	0
tikv	${LOCALHOST}:20160	raftstore.store-max-batch-size	256
tikv	${LOCALHOST}:20160	raftstore.store-pool-size	2
tikv	${LOCALHOST}:20160	raftstore.store-reschedule-duration	5s
tikv	${LOCALHOST}:20160	raftstore.unreachable-backoff	10s
tikv	${LOCALHOST}:20160	raftstore.waterfall-metrics	true
tikv	${LOCALHOST}:20160	readpool.coprocessor.high-concurrency	6
tikv	${LOCALHOST}:20160	readpool.coprocessor.low-concurrency	6
tikv	${LOCALHOST}:20160	readpool.coprocessor.max-tasks-per-worker-high	2000
tikv	${LOCALHOST}:20160	readpool.coprocessor.max-tasks-per-worker-low	2000
tikv	${LOCALHOST}:20160	readpool.coprocessor.max-tasks-per-worker-normal	2000
tikv	${LOCALHOST}:20160	readpool.coprocessor.normal-concurrency	6
tikv	${LOCALHOST}:20160	readpool.coprocessor.stack-size	10MiB
tikv	${LOCALHOST}:20160	readpool.coprocessor.use-unified-pool	true
tikv	${LOCALHOST}:20160	readpool.storage.high-concurrency	4
tikv	${LOCALHOST}:20160	readpool.storage.low-concurrency	4
tikv	${LOCALHOST}:20160	readpool.storage.max-tasks-per-worker-high	2000
tikv	${LOCALHOST}:20160	readpool.storage.max-tasks-per-worker-low	2000
tikv	${LOCALHOST}:20160	readpool.storage.max-tasks-per-worker-normal	2000
tikv	${LOCALHOST}:20160	readpool.storage.normal-concurrency	4
tikv	${LOCALHOST}:20160	readpool.storage.stack-size	10MiB
tikv	${LOCALHOST}:20160	readpool.storage.use-unified-pool	true
tikv	${LOCALHOST}:20160	readpool.unified.auto-adjust-pool-size	false
tikv	${LOCALHOST}:20160	readpool.unified.max-tasks-per-worker	2000
tikv	${LOCALHOST}:20160	readpool.unified.max-thread-count	6
tikv	${LOCALHOST}:20160	readpool.unified.min-thread-count	1
tikv	${LOCALHOST}:20160	readpool.unified.stack-size	10MiB
tikv	${LOCALHOST}:20160	resolved-ts.advance-ts-interval	20s
tikv	${LOCALHOST}:20160	resolved-ts.enable	true
tikv	${LOCALHOST}:20160	resolved-ts.incremental-scan-concurrency	6
tikv	${LOCALHOST}:20160	resolved-ts.memory-quota	256MiB
tikv	${LOCALHOST}:20160	resolved-ts.scan-lock-pool-size	2
tikv	${LOCALHOST}:20160	resource-control.enabled	true
tikv	${LOCALHOST}:20160	resource-metering.max-resource-groups	100
tikv	${LOCALHOST}:20160	resource-metering.precision	1s
tikv	${LOCALHOST}:20160	resource-metering.receiver-address	
tikv	${LOCALHOST}:20160	resource-metering.report-receiver-interval	1m
tikv	${LOCALHOST}:20160	rocksdb.allow-concurrent-memtable-write	true
tikv	${LOCALHOST}:20160	rocksdb.bytes-per-sync	1MiB
tikv	${LOCALHOST}:20160	rocksdb.compaction-readahead-size	0KiB
tikv	${LOCALHOST}:20160	rocksdb.create-if-missing	true
tikv	${LOCALHOST}:20160	rocksdb.defaultcf.block-based-bloom-filter	false
tikv	${LOCALHOST}:20160	rocksdb.defaultcf.block-cache-size	4GiB
tikv	${LOCALHOST}:20160	rocksdb.defaultcf.block-size	32KiB
tikv	${LOCALHOST}:20160	rocksdb.defaultcf.bloom-filter-bits-per-key	10
tikv	${LOCALHOST}:20160	rocksdb.defaultcf.bottommost-level-compression	zstd
tikv	${LOCALHOST}:20160	rocksdb.defaultcf.bottommost-zstd-compression-dict-size	0
tikv	${LOCALHOST}:20160	rocksdb.defaultcf.bottommost-zstd-compression-sample-size	0
tikv	${LOCALHOST}:20160	rocksdb.defaultcf.cache-index-and-filter-blocks	true
tikv	${LOCALHOST}:20160	rocksdb.defaultcf.checksum	crc32c
tikv	${LOCALHOST}:20160	rocksdb.defaultcf.compaction-guard-max-output-file-size	128MiB
tikv	${LOCALHOST}:20160	rocksdb.defaultcf.compaction-guard-min-output-file-size	8MiB
tikv	${LOCALHOST}:20160	rocksdb.defaultcf.compaction-pri	3
tikv	${LOCALHOST}:20160	rocksdb.defaultcf.compaction-style	0
tikv	${LOCALHOST}:20160	rocksdb.defaultcf.compression-per-level	["no","no","lz4","lz4","lz4","zstd","zstd"]
tikv	${LOCALHOST}:20160	rocksdb.defaultcf.disable-auto-compactions	false
tikv	${LOCALHOST}:20160	rocksdb.defaultcf.disable-block-cache	false
tikv	${LOCALHOST}:20160	rocksdb.defaultcf.disable-write-stall	true
tikv	${LOCALHOST}:20160	rocksdb.defaultcf.dynamic-level-bytes	true
tikv	${LOCALHOST}:20160	rocksdb.defaultcf.enable-compaction-guard	true
tikv	${LOCALHOST}:20160	rocksdb.defaultcf.enable-doubly-skiplist	true
tikv	${LOCALHOST}:20160	rocksdb.defaultcf.force-consistency-checks	false
tikv	${LOCALHOST}:20160	rocksdb.defaultcf.format-version	2
tikv	${LOCALHOST}:20160	rocksdb.defaultcf.hard-pending-compaction-bytes-limit	1TiB
tikv	${LOCALHOST}:20160	rocksdb.defaultcf.level0-file-num-compaction-trigger	4
tikv	${LOCALHOST}:20160	rocksdb.defaultcf.level0-slowdown-writes-trigger	20
tikv	${LOCALHOST}:20160	rocksdb.defaultcf.level0-stop-writes-trigger	20
tikv	${LOCALHOST}:20160	rocksdb.defaultcf.max-bytes-for-level-base	512MiB
tikv	${LOCALHOST}:20160	rocksdb.defaultcf.max-bytes-for-level-multiplier	10
tikv	${LOCALHOST}:20160	rocksdb.defaultcf.max-compaction-bytes	2GiB
tikv	${LOCALHOST}:20160	rocksdb.defaultcf.max-compactions	0
tikv	${LOCALHOST}:20160	rocksdb.defaultcf.max-write-buffer-number	5
tikv	${LOCALHOST}:20160	rocksdb.defaultcf.min-write-buffer-number-to-merge	1
tikv	${LOCALHOST}:20160	rocksdb.defaultcf.num-levels	7
tikv	${LOCALHOST}:20160	rocksdb.defaultcf.optimize-filters-for-hits	true
tikv	${LOCALHOST}:20160	rocksdb.defaultcf.periodic-compaction-seconds	null
tikv	${LOCALHOST}:20160	rocksdb.defaultcf.pin-l0-filter-and-index-blocks	true
tikv	${LOCALHOST}:20160	rocksdb.defaultcf.prepopulate-block-cache	disabled
tikv	${LOCALHOST}:20160	rocksdb.defaultcf.prop-keys-index-distance	40960
tikv	${LOCALHOST}:20160	rocksdb.defaultcf.prop-size-index-distance	4194304
tikv	${LOCALHOST}:20160	rocksdb.defaultcf.read-amp-bytes-per-bit	0
tikv	${LOCALHOST}:20160	rocksdb.defaultcf.soft-pending-compaction-bytes-limit	192GiB
tikv	${LOCALHOST}:20160	rocksdb.defaultcf.target-file-size-base	null
tikv	${LOCALHOST}:20160	rocksdb.defaultcf.titan.blob-cache-size	0KiB
tikv	${LOCALHOST}:20160	rocksdb.defaultcf.titan.blob-file-compression	lz4
tikv	${LOCALHOST}:20160	rocksdb.defaultcf.titan.blob-run-mode	normal
tikv	${LOCALHOST}:20160	rocksdb.defaultcf.titan.discardable-ratio	0.5
tikv	${LOCALHOST}:20160	rocksdb.defaultcf.titan.level-merge	false
tikv	${LOCALHOST}:20160	rocksdb.defaultcf.titan.max-gc-batch-size	64MiB
tikv	${LOCALHOST}:20160	rocksdb.defaultcf.titan.max-sorted-runs	20
tikv	${LOCALHOST}:20160	rocksdb.defaultcf.titan.merge-small-file-threshold	8MiB
tikv	${LOCALHOST}:20160	rocksdb.defaultcf.titan.min-blob-size	1KiB
tikv	${LOCALHOST}:20160	rocksdb.defaultcf.titan.min-gc-batch-size	16MiB
tikv	${LOCALHOST}:20160	rocksdb.defaultcf.titan.range-merge	true
tikv	${LOCALHOST}:20160	rocksdb.defaultcf.ttl	null
tikv	${LOCALHOST}:20160	rocksdb.defaultcf.use-bloom-filter	true
tikv	${LOCALHOST}:20160	rocksdb.defaultcf.whole-key-filtering	true
tikv	${LOCALHOST}:20160	rocksdb.defaultcf.write-buffer-size	128MiB
tikv	${LOCALHOST}:20160	rocksdb.enable-multi-batch-write	null
tikv	${LOCALHOST}:20160	rocksdb.enable-pipelined-write	false
tikv	${LOCALHOST}:20160	rocksdb.enable-unordered-write	false
tikv	${LOCALHOST}:20160	rocksdb.info-log-dir	
tikv	${LOCALHOST}:20160	rocksdb.info-log-keep-log-file-num	10
tikv	${LOCALHOST}:20160	rocksdb.info-log-level	info
tikv	${LOCALHOST}:20160	rocksdb.info-log-max-size	1GiB
tikv	${LOCALHOST}:20160	rocksdb.info-log-roll-time	0s
tikv	${LOCALHOST}:20160	rocksdb.lockcf.block-based-bloom-filter	false
tikv	${LOCALHOST}:20160	rocksdb.lockcf.block-cache-size	327MiB
tikv	${LOCALHOST}:20160	rocksdb.lockcf.block-size	16KiB
tikv	${LOCALHOST}:20160	rocksdb.lockcf.bloom-filter-bits-per-key	10
tikv	${LOCALHOST}:20160	rocksdb.lockcf.bottommost-level-compression	disable
tikv	${LOCALHOST}:20160	rocksdb.lockcf.bottommost-zstd-compression-dict-size	0
tikv	${LOCALHOST}:20160	rocksdb.lockcf.bottommost-zstd-compression-sample-size	0
tikv	${LOCALHOST}:20160	rocksdb.lockcf.cache-index-and-filter-blocks	true
tikv	${LOCALHOST}:20160	rocksdb.lockcf.checksum	crc32c
tikv	${LOCALHOST}:20160	rocksdb.lockcf.compaction-guard-max-output-file-size	128MiB
tikv	${LOCALHOST}:20160	rocksdb.lockcf.compaction-guard-min-output-file-size	8MiB
tikv	${LOCALHOST}:20160	rocksdb.lockcf.compaction-pri	0
tikv	${LOCALHOST}:20160	rocksdb.lockcf.compaction-style	0
tikv	${LOCALHOST}:20160	rocksdb.lockcf.compression-per-level	["no","no","no","no","no","no","no"]
tikv	${LOCALHOST}:20160	rocksdb.lockcf.disable-auto-compactions	false
tikv	${LOCALHOST}:20160	rocksdb.lockcf.disable-block-cache	false
tikv	${LOCALHOST}:20160	rocksdb.lockcf.disable-write-stall	true
tikv	${LOCALHOST}:20160	rocksdb.lockcf.dynamic-level-bytes	true
tikv	${LOCALHOST}:20160	rocksdb.lockcf.enable-compaction-guard	null
tikv	${LOCALHOST}:20160	rocksdb.lockcf.enable-doubly-skiplist	true
tikv	${LOCALHOST}:20160	rocksdb.lockcf.force-consistency-checks	false
tikv	${LOCALHOST}:20160	rocksdb.lockcf.format-version	2
tikv	${LOCALHOST}:20160	rocksdb.lockcf.hard-pending-compaction-bytes-limit	1TiB
tikv	${LOCALHOST}:20160	rocksdb.lockcf.level0-file-num-compaction-trigger	1
tikv	${LOCALHOST}:20160	rocksdb.lockcf.level0-slowdown-writes-trigger	20
tikv	${LOCALHOST}:20160	rocksdb.lockcf.level0-stop-writes-trigger	20
tikv	${LOCALHOST}:20160	rocksdb.lockcf.max-bytes-for-level-base	128MiB
tikv	${LOCALHOST}:20160	rocksdb.lockcf.max-bytes-for-level-multiplier	10
tikv	${LOCALHOST}:20160	rocksdb.lockcf.max-compaction-bytes	2GiB
tikv	${LOCALHOST}:20160	rocksdb.lockcf.max-compactions	0
tikv	${LOCALHOST}:20160	rocksdb.lockcf.max-write-buffer-number	5
tikv	${LOCALHOST}:20160	rocksdb.lockcf.min-write-buffer-number-to-merge	1
tikv	${LOCALHOST}:20160	rocksdb.lockcf.num-levels	7
tikv	${LOCALHOST}:20160	rocksdb.lockcf.optimize-filters-for-hits	false
tikv	${LOCALHOST}:20160	rocksdb.lockcf.periodic-compaction-seconds	null
tikv	${LOCALHOST}:20160	rocksdb.lockcf.pin-l0-filter-and-index-blocks	true
tikv	${LOCALHOST}:20160	rocksdb.lockcf.prepopulate-block-cache	disabled
tikv	${LOCALHOST}:20160	rocksdb.lockcf.prop-keys-index-distance	40960
tikv	${LOCALHOST}:20160	rocksdb.lockcf.prop-size-index-distance	4194304
tikv	${LOCALHOST}:20160	rocksdb.lockcf.read-amp-bytes-per-bit	0
tikv	${LOCALHOST}:20160	rocksdb.lockcf.soft-pending-compaction-bytes-limit	192GiB
tikv	${LOCALHOST}:20160	rocksdb.lockcf.target-file-size-base	null
tikv	${LOCALHOST}:20160	rocksdb.lockcf.titan.blob-cache-size	0KiB
tikv	${LOCALHOST}:20160	rocksdb.lockcf.titan.blob-file-compression	lz4
tikv	${LOCALHOST}:20160	rocksdb.lockcf.titan.blob-run-mode	read-only
tikv	${LOCALHOST}:20160	rocksdb.lockcf.titan.discardable-ratio	0.5
tikv	${LOCALHOST}:20160	rocksdb.lockcf.titan.level-merge	false
tikv	${LOCALHOST}:20160	rocksdb.lockcf.titan.max-gc-batch-size	64MiB
tikv	${LOCALHOST}:20160	rocksdb.lockcf.titan.max-sorted-runs	20
tikv	${LOCALHOST}:20160	rocksdb.lockcf.titan.merge-small-file-threshold	8MiB
tikv	${LOCALHOST}:20160	rocksdb.lockcf.titan.min-blob-size	1KiB
tikv	${LOCALHOST}:20160	rocksdb.lockcf.titan.min-gc-batch-size	16MiB
tikv	${LOCALHOST}:20160	rocksdb.lockcf.titan.range-merge	true
tikv	${LOCALHOST}:20160	rocksdb.lockcf.ttl	null
tikv	${LOCALHOST}:20160	rocksdb.lockcf.use-bloom-filter	true
tikv	${LOCALHOST}:20160	rocksdb.lockcf.whole-key-filtering	true
tikv	${LOCALHOST}:20160	rocksdb.lockcf.write-buffer-size	32MiB
tikv	${LOCALHOST}:20160	rocksdb.max-background-flushes	2
tikv	${LOCALHOST}:20160	rocksdb.max-background-jobs	7
tikv	${LOCALHOST}:20160	rocksdb.max-manifest-file-size	128MiB
tikv	${LOCALHOST}:20160	rocksdb.max-open-files	256
tikv	${LOCALHOST}:20160	rocksdb.max-sub-compactions	3
tikv	${LOCALHOST}:20160	rocksdb.max-total-wal-size	4GiB
tikv	${LOCALHOST}:20160	rocksdb.raftcf.block-based-bloom-filter	false
tikv	${LOCALHOST}:20160	rocksdb.raftcf.block-cache-size	128MiB
tikv	${LOCALHOST}:20160	rocksdb.raftcf.block-size	16KiB
tikv	${LOCALHOST}:20160	rocksdb.raftcf.bloom-filter-bits-per-key	10
tikv	${LOCALHOST}:20160	rocksdb.raftcf.bottommost-level-compression	disable
tikv	${LOCALHOST}:20160	rocksdb.raftcf.bottommost-zstd-compression-dict-size	0
tikv	${LOCALHOST}:20160	rocksdb.raftcf.bottommost-zstd-compression-sample-size	0
tikv	${LOCALHOST}:20160	rocksdb.raftcf.cache-index-and-filter-blocks	true
tikv	${LOCALHOST}:20160	rocksdb.raftcf.checksum	crc32c
tikv	${LOCALHOST}:20160	rocksdb.raftcf.compaction-guard-max-output-file-size	128MiB
tikv	${LOCALHOST}:20160	rocksdb.raftcf.compaction-guard-min-output-file-size	8MiB
tikv	${LOCALHOST}:20160	rocksdb.raftcf.compaction-pri	0
tikv	${LOCALHOST}:20160	rocksdb.raftcf.compaction-style	0
tikv	${LOCALHOST}:20160	rocksdb.raftcf.compression-per-level	["no","no","no","no","no","no","no"]
tikv	${LOCALHOST}:20160	rocksdb.raftcf.disable-auto-compactions	false
tikv	${LOCALHOST}:20160	rocksdb.raftcf.disable-block-cache	false
tikv	${LOCALHOST}:20160	rocksdb.raftcf.disable-write-stall	true
tikv	${LOCALHOST}:20160	rocksdb.raftcf.dynamic-level-bytes	true
tikv	${LOCALHOST}:20160	rocksdb.raftcf.enable-compaction-guard	null
tikv	${LOCALHOST}:20160	rocksdb.raftcf.enable-doubly-skiplist	true
tikv	${LOCALHOST}:20160	rocksdb.raftcf.force-consistency-checks	false
tikv	${LOCALHOST}:20160	rocksdb.raftcf.format-version	2
tikv	${LOCALHOST}:20160	rocksdb.raftcf.hard-pending-compaction-bytes-limit	1TiB
tikv	${LOCALHOST}:20160	rocksdb.raftcf.level0-file-num-compaction-trigger	1
tikv	${LOCALHOST}:20160	rocksdb.raftcf.level0-slowdown-writes-trigger	20
tikv	${LOCALHOST}:20160	rocksdb.raftcf.level0-stop-writes-trigger	20
tikv	${LOCALHOST}:20160	rocksdb.raftcf.max-bytes-for-level-base	128MiB
tikv	${LOCALHOST}:20160	rocksdb.raftcf.max-bytes-for-level-multiplier	10
tikv	${LOCALHOST}:20160	rocksdb.raftcf.max-compaction-bytes	2GiB
tikv	${LOCALHOST}:20160	rocksdb.raftcf.max-compactions	0
tikv	${LOCALHOST}:20160	rocksdb.raftcf.max-write-buffer-number	5
tikv	${LOCALHOST}:20160	rocksdb.raftcf.min-write-buffer-number-to-merge	1
tikv	${LOCALHOST}:20160	rocksdb.raftcf.num-levels	7
tikv	${LOCALHOST}:20160	rocksdb.raftcf.optimize-filters-for-hits	true
tikv	${LOCALHOST}:20160	rocksdb.raftcf.periodic-compaction-seconds	null
tikv	${LOCALHOST}:20160	rocksdb.raftcf.pin-l0-filter-and-index-blocks	true
tikv	${LOCALHOST}:20160	rocksdb.raftcf.prepopulate-block-cache	disabled
tikv	${LOCALHOST}:20160	rocksdb.raftcf.prop-keys-index-distance	40960
tikv	${LOCALHOST}:20160	rocksdb.raftcf.prop-size-index-distance	4194304
tikv	${LOCALHOST}:20160	rocksdb.raftcf.read-amp-bytes-per-bit	0
tikv	${LOCALHOST}:20160	rocksdb.raftcf.soft-pending-compaction-bytes-limit	192GiB
tikv	${LOCALHOST}:20160	rocksdb.raftcf.target-file-size-base	null
tikv	${LOCALHOST}:20160	rocksdb.raftcf.titan.blob-cache-size	0KiB
tikv	${LOCALHOST}:20160	rocksdb.raftcf.titan.blob-file-compression	lz4
tikv	${LOCALHOST}:20160	rocksdb.raftcf.titan.blob-run-mode	read-only
tikv	${LOCALHOST}:20160	rocksdb.raftcf.titan.discardable-ratio	0.5
tikv	${LOCALHOST}:20160	rocksdb.raftcf.titan.level-merge	false
tikv	${LOCALHOST}:20160	rocksdb.raftcf.titan.max-gc-batch-size	64MiB
tikv	${LOCALHOST}:20160	rocksdb.raftcf.titan.max-sorted-runs	20
tikv	${LOCALHOST}:20160	rocksdb.raftcf.titan.merge-small-file-threshold	8MiB
tikv	${LOCALHOST}:20160	rocksdb.raftcf.titan.min-blob-size	1KiB
tikv	${LOCALHOST}:20160	rocksdb.raftcf.titan.min-gc-batch-size	16MiB
tikv	${LOCALHOST}:20160	rocksdb.raftcf.titan.range-merge	true
tikv	${LOCALHOST}:20160	rocksdb.raftcf.ttl	null
tikv	${LOCALHOST}:20160	rocksdb.raftcf.use-bloom-filter	true
tikv	${LOCALHOST}:20160	rocksdb.raftcf.whole-key-filtering	true
tikv	${LOCALHOST}:20160	rocksdb.raftcf.write-buffer-size	128MiB
tikv	${LOCALHOST}:20160	rocksdb.rate-bytes-per-sec	10GiB
tikv	${LOCALHOST}:20160	rocksdb.rate-limiter-auto-tuned	true
tikv	${LOCALHOST}:20160	rocksdb.rate-limiter-mode	2
tikv	${LOCALHOST}:20160	rocksdb.rate-limiter-refill-period	100ms
tikv	${LOCALHOST}:20160	rocksdb.stats-dump-period	10m
tikv	${LOCALHOST}:20160	rocksdb.titan.dirname	
tikv	${LOCALHOST}:20160	rocksdb.titan.disable-gc	false
tikv	${LOCALHOST}:20160	rocksdb.titan.enabled	false
tikv	${LOCALHOST}:20160	rocksdb.titan.max-background-gc	4
tikv	${LOCALHOST}:20160	rocksdb.titan.purge-obsolete-files-period	10s
tikv	${LOCALHOST}:20160	rocksdb.track-and-verify-wals-in-manifest	false
tikv	${LOCALHOST}:20160	rocksdb.use-direct-io-for-flush-and-compaction	false
tikv	${LOCALHOST}:20160	rocksdb.wal-bytes-per-sync	512KiB
tikv	${LOCALHOST}:20160	rocksdb.wal-dir	
tikv	${LOCALHOST}:20160	rocksdb.wal-recovery-mode	2
tikv	${LOCALHOST}:20160	rocksdb.wal-size-limit	0KiB
tikv	${LOCALHOST}:20160	rocksdb.wal-ttl-seconds	0
tikv	${LOCALHOST}:20160	rocksdb.writable-file-max-buffer-size	1MiB
tikv	${LOCALHOST}:20160	rocksdb.write-buffer-limit	null
tikv	${LOCALHOST}:20160	rocksdb.writecf.block-based-bloom-filter	false
tikv	${LOCALHOST}:20160	rocksdb.writecf.block-cache-size	2457MiB
tikv	${LOCALHOST}:20160	rocksdb.writecf.block-size	32KiB
tikv	${LOCALHOST}:20160	rocksdb.writecf.bloom-filter-bits-per-key	10
tikv	${LOCALHOST}:20160	rocksdb.writecf.bottommost-level-compression	zstd
tikv	${LOCALHOST}:20160	rocksdb.writecf.bottommost-zstd-compression-dict-size	0
tikv	${LOCALHOST}:20160	rocksdb.writecf.bottommost-zstd-compression-sample-size	0
tikv	${LOCALHOST}:20160	rocksdb.writecf.cache-index-and-filter-blocks	true
tikv	${LOCALHOST}:20160	rocksdb.writecf.checksum	crc32c
tikv	${LOCALHOST}:20160	rocksdb.writecf.compaction-guard-max-output-file-size	128MiB
tikv	${LOCALHOST}:20160	rocksdb.writecf.compaction-guard-min-output-file-size	8MiB
tikv	${LOCALHOST}:20160	rocksdb.writecf.compaction-pri	3
tikv	${LOCALHOST}:20160	rocksdb.writecf.compaction-style	0
tikv	${LOCALHOST}:20160	rocksdb.writecf.compression-per-level	["no","no","lz4","lz4","lz4","zstd","zstd"]
tikv	${LOCALHOST}:20160	rocksdb.writecf.disable-auto-compactions	false
tikv	${LOCALHOST}:20160	rocksdb.writecf.disable-block-cache	false
tikv	${LOCALHOST}:20160	rocksdb.writecf.disable-write-stall	true
tikv	${LOCALHOST}:20160	rocksdb.writecf.dynamic-level-bytes	true
tikv	${LOCALHOST}:20160	rocksdb.writecf.enable-compaction-guard	true
tikv	${LOCALHOST}:20160	rocksdb.writecf.enable-doubly-skiplist	true
tikv	${LOCALHOST}:20160	rocksdb.writecf.force-consistency-checks	false
tikv	${LOCALHOST}:20160	rocksdb.writecf.format-version	2
tikv	${LOCALHOST}:20160	rocksdb.writecf.hard-pending-compaction-bytes-limit	1TiB
tikv	${LOCALHOST}:20160	rocksdb.writecf.level0-file-num-compaction-trigger	4
tikv	${LOCALHOST}:20160	rocksdb.writecf.level0-slowdown-writes-trigger	20
tikv	${LOCALHOST}:20160	rocksdb.writecf.level0-stop-writes-trigger	20
tikv	${LOCALHOST}:20160	rocksdb.writecf.max-bytes-for-level-base	512MiB
tikv	${LOCALHOST}:20160	rocksdb.writecf.max-bytes-for-level-multiplier	10
tikv	${LOCALHOST}:20160	rocksdb.writecf.max-compaction-bytes	2GiB
tikv	${LOCALHOST}:20160	rocksdb.writecf.max-compactions	0
tikv	${LOCALHOST}:20160	rocksdb.writecf.max-write-buffer-number	5
tikv	${LOCALHOST}:20160	rocksdb.writecf.min-write-buffer-number-to-merge	1
tikv	${LOCALHOST}:20160	rocksdb.writecf.num-levels	7
tikv	${LOCALHOST}:20160	rocksdb.writecf.optimize-filters-for-hits	false
tikv	${LOCALHOST}:20160	rocksdb.writecf.periodic-compaction-seconds	null
tikv	${LOCALHOST}:20160	rocksdb.writecf.pin-l0-filter-and-index-blocks	true
tikv	${LOCALHOST}:20160	rocksdb.writecf.prepopulate-block-cache	disabled
tikv	${LOCALHOST}:20160	rocksdb.writecf.prop-keys-index-distance	40960
tikv	${LOCALHOST}:20160	rocksdb.writecf.prop-size-index-distance	4194304
tikv	${LOCALHOST}:20160	rocksdb.writecf.read-amp-bytes-per-bit	0
tikv	${LOCALHOST}:20160	rocksdb.writecf.soft-pending-compaction-bytes-limit	192GiB
tikv	${LOCALHOST}:20160	rocksdb.writecf.target-file-size-base	null
tikv	${LOCALHOST}:20160	rocksdb.writecf.titan.blob-cache-size	0KiB
tikv	${LOCALHOST}:20160	rocksdb.writecf.titan.blob-file-compression	lz4
tikv	${LOCALHOST}:20160	rocksdb.writecf.titan.blob-run-mode	read-only
tikv	${LOCALHOST}:20160	rocksdb.writecf.titan.discardable-ratio	0.5
tikv	${LOCALHOST}:20160	rocksdb.writecf.titan.level-merge	false
tikv	${LOCALHOST}:20160	rocksdb.writecf.titan.max-gc-batch-size	64MiB
tikv	${LOCALHOST}:20160	rocksdb.writecf.titan.max-sorted-runs	20
tikv	${LOCALHOST}:20160	rocksdb.writecf.titan.merge-small-file-threshold	8MiB
tikv	${LOCALHOST}:20160	rocksdb.writecf.titan.min-blob-size	1KiB
tikv	${LOCALHOST}:20160	rocksdb.writecf.titan.min-gc-batch-size	16MiB
tikv	${LOCALHOST}:20160	rocksdb.writecf.titan.range-merge	true
tikv	${LOCALHOST}:20160	rocksdb.writecf.ttl	null
tikv	${LOCALHOST}:20160	rocksdb.writecf.use-bloom-filter	true
tikv	${LOCALHOST}:20160	rocksdb.writecf.whole-key-filtering	false
tikv	${LOCALHOST}:20160	rocksdb.writecf.write-buffer-size	128MiB
tikv	${LOCALHOST}:20160	security.ca-path	
tikv	${LOCALHOST}:20160	security.cert-allowed-cn	[]
tikv	${LOCALHOST}:20160	security.cert-path	
tikv	${LOCALHOST}:20160	security.encryption.data-encryption-method	plaintext
tikv	${LOCALHOST}:20160	security.encryption.data-key-rotation-period	7d
tikv	${LOCALHOST}:20160	security.encryption.enable-file-dictionary-log	true
tikv	${LOCALHOST}:20160	security.encryption.file-dictionary-rewrite-threshold	1000000
tikv	${LOCALHOST}:20160	security.encryption.master-key.type	plaintext
tikv	${LOCALHOST}:20160	security.encryption.previous-master-key.type	plaintext
tikv	${LOCALHOST}:20160	security.key-path	
tikv	${LOCALHOST}:20160	security.redact-info-log	null
tikv	${LOCALHOST}:20160	server.addr	${LOCALHOST}:20160
tikv	${LOCALHOST}:20160	server.advertise-addr	${LOCALHOST}:20160
tikv	${LOCALHOST}:20160	server.advertise-status-addr	${LOCALHOST}:20180
tikv	${LOCALHOST}:20160	server.background-thread-count	2
tikv	${LOCALHOST}:20160	server.concurrent-recv-snap-limit	32
tikv	${LOCALHOST}:20160	server.concurrent-send-snap-limit	32
tikv	${LOCALHOST}:20160	server.enable-request-batch	true
tikv	${LOCALHOST}:20160	server.end-point-batch-row-limit	64
tikv	${LOCALHOST}:20160	server.end-point-enable-batch-if-possible	true
tikv	${LOCALHOST}:20160	server.end-point-max-concurrency	8
tikv	${LOCALHOST}:20160	server.end-point-perf-level	0
tikv	${LOCALHOST}:20160	server.end-point-recursion-limit	1000
tikv	${LOCALHOST}:20160	server.end-point-request-max-handle-duration	1m
tikv	${LOCALHOST}:20160	server.end-point-slow-log-threshold	1s
tikv	${LOCALHOST}:20160	server.end-point-stream-batch-row-limit	128
tikv	${LOCALHOST}:20160	server.end-point-stream-channel-size	8
tikv	${LOCALHOST}:20160	server.forward-max-connections-per-address	4
tikv	${LOCALHOST}:20160	server.grpc-compression-type	none
tikv	${LOCALHOST}:20160	server.grpc-concurrency	5
tikv	${LOCALHOST}:20160	server.grpc-concurrent-stream	1024
tikv	${LOCALHOST}:20160	server.grpc-gzip-compression-level	2
tikv	${LOCALHOST}:20160	server.grpc-keepalive-time	10s
tikv	${LOCALHOST}:20160	server.grpc-keepalive-timeout	3s
tikv	${LOCALHOST}:20160	server.grpc-memory-pool-quota	9223372036854775807B
tikv	${LOCALHOST}:20160	server.grpc-min-message-size-to-compress	4096
tikv	${LOCALHOST}:20160	server.grpc-raft-conn-num	1
tikv	${LOCALHOST}:20160	server.grpc-stream-initial-window-size	2MiB
tikv	${LOCALHOST}:20160	server.heavy-load-threshold	75
tikv	${LOCALHOST}:20160	server.heavy-load-wait-duration	null
tikv	${LOCALHOST}:20160	server.max-grpc-send-msg-len	10485760
tikv	${LOCALHOST}:20160	server.raft-client-grpc-send-msg-buffer	524288
tikv	${LOCALHOST}:20160	server.raft-client-queue-size	8192
tikv	${LOCALHOST}:20160	server.raft-msg-max-batch-size	128
tikv	${LOCALHOST}:20160	server.reject-messages-on-memory-ratio	0.2
tikv	${LOCALHOST}:20160	server.simplify-metrics	false
tikv	${LOCALHOST}:20160	server.snap-io-max-bytes-per-sec	100MiB
tikv	${LOCALHOST}:20160	server.snap-max-total-size	0KiB
tikv	${LOCALHOST}:20160	server.stats-concurrency	1
tikv	${LOCALHOST}:20160	server.status-addr	${LOCALHOST}:20180
tikv	${LOCALHOST}:20160	server.status-thread-pool-size	1
tikv	${LOCALHOST}:20160	slow-log-file	
tikv	${LOCALHOST}:20160	slow-log-threshold	1s
tikv	${LOCALHOST}:20160	split.byte-threshold	31457280
tikv	${LOCALHOST}:20160	split.detect-times	10
tikv	${LOCALHOST}:20160	split.grpc-thread-cpu-overload-threshold-ratio	0.5
tikv	${LOCALHOST}:20160	split.qps-threshold	3000
tikv	${LOCALHOST}:20160	split.region-cpu-overload-threshold-ratio	0.25
tikv	${LOCALHOST}:20160	split.sample-num	20
tikv	${LOCALHOST}:20160	split.sample-threshold	100
tikv	${LOCALHOST}:20160	split.split-balance-score	0.25
tikv	${LOCALHOST}:20160	split.split-contained-score	0.5
tikv	${LOCALHOST}:20160	split.unified-read-pool-thread-cpu-overload-threshold-ratio	0.8
tikv	${LOCALHOST}:20160	storage.api-version	1
tikv	${LOCALHOST}:20160	storage.background-error-recovery-window	1h
tikv	${LOCALHOST}:20160	storage.block-cache.capacity	7207MiB
tikv	${LOCALHOST}:20160	storage.block-cache.high-pri-pool-ratio	0.8
tikv	${LOCALHOST}:20160	storage.block-cache.memory-allocator	nodump
tikv	${LOCALHOST}:20160	storage.block-cache.num-shard-bits	6
tikv	${LOCALHOST}:20160	storage.block-cache.shared	null
tikv	${LOCALHOST}:20160	storage.block-cache.strict-capacity-limit	false
tikv	${LOCALHOST}:20160	storage.data-dir	${TIUP_DATA_DIR}/tikv-0/data
tikv	${LOCALHOST}:20160	storage.enable-async-apply-prewrite	false
tikv	${LOCALHOST}:20160	storage.enable-ttl	false
tikv	${LOCALHOST}:20160	storage.engine	raft-kv
tikv	${LOCALHOST}:20160	storage.flow-control.enable	true
tikv	${LOCALHOST}:20160	storage.flow-control.hard-pending-compaction-bytes-limit	1TiB
tikv	${LOCALHOST}:20160	storage.flow-control.l0-files-threshold	20
tikv	${LOCALHOST}:20160	storage.flow-control.memtables-threshold	5
tikv	${LOCALHOST}:20160	storage.flow-control.soft-pending-compaction-bytes-limit	192GiB
tikv	${LOCALHOST}:20160	storage.gc-ratio-threshold	1.1
tikv	${LOCALHOST}:20160	storage.io-rate-limit.compaction-priority	low
tikv	${LOCALHOST}:20160	storage.io-rate-limit.export-priority	medium
tikv	${LOCALHOST}:20160	storage.io-rate-limit.flush-priority	high
tikv	${LOCALHOST}:20160	storage.io-rate-limit.foreground-read-priority	high
tikv	${LOCALHOST}:20160	storage.io-rate-limit.foreground-write-priority	high
tikv	${LOCALHOST}:20160	storage.io-rate-limit.gc-priority	high
tikv	${LOCALHOST}:20160	storage.io-rate-limit.import-priority	medium
tikv	${LOCALHOST}:20160	storage.io-rate-limit.level-zero-compaction-priority	medium
tikv	${LOCALHOST}:20160	storage.io-rate-limit.load-balance-priority	high
tikv	${LOCALHOST}:20160	storage.io-rate-limit.max-bytes-per-sec	0KiB
tikv	${LOCALHOST}:20160	storage.io-rate-limit.mode	write-only
tikv	${LOCALHOST}:20160	storage.io-rate-limit.other-priority	high
tikv	${LOCALHOST}:20160	storage.io-rate-limit.replication-priority	high
tikv	${LOCALHOST}:20160	storage.io-rate-limit.strict	false
tikv	${LOCALHOST}:20160	storage.max-key-size	8192
tikv	${LOCALHOST}:20160	storage.reserve-raft-space	0KiB
tikv	${LOCALHOST}:20160	storage.reserve-space	0KiB
tikv	${LOCALHOST}:20160	storage.scheduler-concurrency	524288
tikv	${LOCALHOST}:20160	storage.scheduler-pending-write-threshold	100MiB
tikv	${LOCALHOST}:20160	storage.scheduler-worker-pool-size	4
tikv	${LOCALHOST}:20160	storage.ttl-check-poll-interval	12h
tiflash	${LOCALHOST}:3930	engine-store.flash.proxy.config	${TIUP_DATA_DIR}/tiflash-0/tiflash_proxy.toml
tiflash	${LOCALHOST}:3930	engine-store.logger.level	debug
tiflash	${LOCALHOST}:3930	raftstore-proxy.abort-on-panic	false
tiflash	${LOCALHOST}:3930	raftstore-proxy.backup.auto-tune-refresh-interval	1m
tiflash	${LOCALHOST}:3930	raftstore-proxy.backup.auto-tune-remain-threads	2
tiflash	${LOCALHOST}:3930	raftstore-proxy.backup.batch-size	8
tiflash	${LOCALHOST}:3930	raftstore-proxy.backup.enable-auto-tune	true
tiflash	${LOCALHOST}:3930	raftstore-proxy.backup.hadoop.home	
tiflash	${LOCALHOST}:3930	raftstore-proxy.backup.hadoop.linux-user	
tiflash	${LOCALHOST}:3930	raftstore-proxy.backup.io-thread-size	2
tiflash	${LOCALHOST}:3930	raftstore-proxy.backup.num-threads	4
tiflash	${LOCALHOST}:3930	raftstore-proxy.backup.s3-multi-part-size	5MiB
tiflash	${LOCALHOST}:3930	raftstore-proxy.backup.sst-max-size	144MiB
tiflash	${LOCALHOST}:3930	raftstore-proxy.causal-ts.alloc-ahead-buffer	3s
tiflash	${LOCALHOST}:3930	raftstore-proxy.causal-ts.renew-batch-max-size	8192
tiflash	${LOCALHOST}:3930	raftstore-proxy.causal-ts.renew-batch-min-size	100
tiflash	${LOCALHOST}:3930	raftstore-proxy.causal-ts.renew-interval	100ms
tiflash	${LOCALHOST}:3930	raftstore-proxy.cdc.hibernate-regions-compatible	true
tiflash	${LOCALHOST}:3930	raftstore-proxy.cdc.incremental-scan-concurrency	6
tiflash	${LOCALHOST}:3930	raftstore-proxy.cdc.incremental-scan-speed-limit	128MiB
tiflash	${LOCALHOST}:3930	raftstore-proxy.cdc.incremental-scan-threads	4
tiflash	${LOCALHOST}:3930	raftstore-proxy.cdc.incremental-scan-ts-filter-ratio	0.2
tiflash	${LOCALHOST}:3930	raftstore-proxy.cdc.min-ts-interval	1s
tiflash	${LOCALHOST}:3930	raftstore-proxy.cdc.old-value-cache-memory-quota	512MiB
tiflash	${LOCALHOST}:3930	raftstore-proxy.cdc.sink-memory-quota	512MiB
tiflash	${LOCALHOST}:3930	raftstore-proxy.cdc.tso-worker-threads	1
tiflash	${LOCALHOST}:3930	raftstore-proxy.coprocessor-v2.coprocessor-plugin-directory	null
tiflash	${LOCALHOST}:3930	raftstore-proxy.coprocessor.batch-split-limit	10
tiflash	${LOCALHOST}:3930	raftstore-proxy.coprocessor.consistency-check-method	mvcc
tiflash	${LOCALHOST}:3930	raftstore-proxy.coprocessor.enable-region-bucket	false
tiflash	${LOCALHOST}:3930	raftstore-proxy.coprocessor.prefer-approximate-bucket	true
tiflash	${LOCALHOST}:3930	raftstore-proxy.coprocessor.region-bucket-merge-size-ratio	0.33
tiflash	${LOCALHOST}:3930	raftstore-proxy.coprocessor.region-bucket-size	96MiB
tiflash	${LOCALHOST}:3930	raftstore-proxy.coprocessor.region-max-keys	1440000
tiflash	${LOCALHOST}:3930	raftstore-proxy.coprocessor.region-max-size	144MiB
tiflash	${LOCALHOST}:3930	raftstore-proxy.coprocessor.region-size-threshold-for-approximate	1440MiB
tiflash	${LOCALHOST}:3930	raftstore-proxy.coprocessor.region-split-keys	960000
tiflash	${LOCALHOST}:3930	raftstore-proxy.coprocessor.region-split-size	96MiB
tiflash	${LOCALHOST}:3930	raftstore-proxy.coprocessor.split-region-on-table	false
tiflash	${LOCALHOST}:3930	raftstore-proxy.gc.batch-keys	512
tiflash	${LOCALHOST}:3930	raftstore-proxy.gc.compaction-filter-skip-version-check	false
tiflash	${LOCALHOST}:3930	raftstore-proxy.gc.enable-compaction-filter	true
tiflash	${LOCALHOST}:3930	raftstore-proxy.gc.max-write-bytes-per-sec	0KiB
tiflash	${LOCALHOST}:3930	raftstore-proxy.gc.ratio-threshold	1.1
tiflash	${LOCALHOST}:3930	raftstore-proxy.import.import-mode-timeout	10m
tiflash	${LOCALHOST}:3930	raftstore-proxy.import.memory-use-ratio	0.3
tiflash	${LOCALHOST}:3930	raftstore-proxy.import.num-threads	16
tiflash	${LOCALHOST}:3930	raftstore-proxy.import.stream-channel-window	128
tiflash	${LOCALHOST}:3930	raftstore-proxy.log-backup.enable	true
tiflash	${LOCALHOST}:3930	raftstore-proxy.log-backup.file-size-limit	256MiB
tiflash	${LOCALHOST}:3930	raftstore-proxy.log-backup.initial-scan-pending-memory-quota	512MiB
tiflash	${LOCALHOST}:3930	raftstore-proxy.log-backup.initial-scan-rate-limit	60MiB
tiflash	${LOCALHOST}:3930	raftstore-proxy.log-backup.max-flush-interval	3m
tiflash	${LOCALHOST}:3930	raftstore-proxy.log-backup.min-ts-interval	10s
tiflash	${LOCALHOST}:3930	raftstore-proxy.log-backup.num-threads	4
tiflash	${LOCALHOST}:3930	raftstore-proxy.log-backup.temp-path	${TIUP_DATA_DIR}/tiflash-0/proxy_data/log-backup-temp
tiflash	${LOCALHOST}:3930	raftstore-proxy.log-file	
tiflash	${LOCALHOST}:3930	raftstore-proxy.log-format	text
tiflash	${LOCALHOST}:3930	raftstore-proxy.log-level	info
tiflash	${LOCALHOST}:3930	raftstore-proxy.log-rotation-size	300MiB
tiflash	${LOCALHOST}:3930	raftstore-proxy.log-rotation-timespan	0s
tiflash	${LOCALHOST}:3930	raftstore-proxy.log.enable-timestamp	true
tiflash	${LOCALHOST}:3930	raftstore-proxy.log.file.filename	${TIUP_DATA_DIR}/tiflash-0/tiflash_tikv.log
tiflash	${LOCALHOST}:3930	raftstore-proxy.log.file.max-backups	0
tiflash	${LOCALHOST}:3930	raftstore-proxy.log.file.max-days	0
tiflash	${LOCALHOST}:3930	raftstore-proxy.log.file.max-size	300
tiflash	${LOCALHOST}:3930	raftstore-proxy.log.format	text
tiflash	${LOCALHOST}:3930	raftstore-proxy.log.level	info
tiflash	${LOCALHOST}:3930	raftstore-proxy.memory-usage-high-water	0.1
tiflash	${LOCALHOST}:3930	raftstore-proxy.memory-usage-limit	2005MiB
tiflash	${LOCALHOST}:3930	raftstore-proxy.pd.enable-forwarding	false
tiflash	${LOCALHOST}:3930	raftstore-proxy.pd.endpoints	["${LOCALHOST}:2379"]
tiflash	${LOCALHOST}:3930	raftstore-proxy.pd.retry-interval	300ms
tiflash	${LOCALHOST}:3930	raftstore-proxy.pd.retry-log-every	10
tiflash	${LOCALHOST}:3930	raftstore-proxy.pd.retry-max-count	9223372036854776000
tiflash	${LOCALHOST}:3930	raftstore-proxy.pd.update-interval	10m
tiflash	${LOCALHOST}:3930	raftstore-proxy.pessimistic-txn.in-memory	true
tiflash	${LOCALHOST}:3930	raftstore-proxy.pessimistic-txn.pipelined	true
tiflash	${LOCALHOST}:3930	raftstore-proxy.pessimistic-txn.wait-for-lock-timeout	1s
tiflash	${LOCALHOST}:3930	raftstore-proxy.pessimistic-txn.wake-up-delay-duration	20ms
tiflash	${LOCALHOST}:3930	raftstore-proxy.quota.background-cpu-time	0
tiflash	${LOCALHOST}:3930	raftstore-proxy.quota.background-read-bandwidth	0KiB
tiflash	${LOCALHOST}:3930	raftstore-proxy.quota.background-write-bandwidth	0KiB
tiflash	${LOCALHOST}:3930	raftstore-proxy.quota.enable-auto-tune	false
tiflash	${LOCALHOST}:3930	raftstore-proxy.quota.foreground-cpu-time	0
tiflash	${LOCALHOST}:3930	raftstore-proxy.quota.foreground-read-bandwidth	0KiB
tiflash	${LOCALHOST}:3930	raftstore-proxy.quota.foreground-write-bandwidth	0KiB
tiflash	${LOCALHOST}:3930	raftstore-proxy.quota.max-delay-duration	500ms
tiflash	${LOCALHOST}:3930	raftstore-proxy.raft-engine.batch-compression-threshold	8KiB
tiflash	${LOCALHOST}:3930	raftstore-proxy.raft-engine.bytes-per-sync	null
tiflash	${LOCALHOST}:3930	raftstore-proxy.raft-engine.dir	${TIUP_DATA_DIR}/tiflash-0/proxy_data/raft-engine
tiflash	${LOCALHOST}:3930	raftstore-proxy.raft-engine.enable	true
tiflash	${LOCALHOST}:3930	raftstore-proxy.raft-engine.enable-log-recycle	true
tiflash	${LOCALHOST}:3930	raftstore-proxy.raft-engine.format-version	2
tiflash	${LOCALHOST}:3930	raftstore-proxy.raft-engine.memory-limit	2576980377
tiflash	${LOCALHOST}:3930	raftstore-proxy.raft-engine.prefill-for-recycle	false
tiflash	${LOCALHOST}:3930	raftstore-proxy.raft-engine.prefill-limit	null
tiflash	${LOCALHOST}:3930	raftstore-proxy.raft-engine.purge-rewrite-garbage-ratio	0.6
tiflash	${LOCALHOST}:3930	raftstore-proxy.raft-engine.purge-rewrite-threshold	1GiB
tiflash	${LOCALHOST}:3930	raftstore-proxy.raft-engine.purge-threshold	10GiB
tiflash	${LOCALHOST}:3930	raftstore-proxy.raft-engine.recovery-mode	tolerate-corrupted-tail-records
tiflash	${LOCALHOST}:3930	raftstore-proxy.raft-engine.recovery-read-block-size	16KiB
tiflash	${LOCALHOST}:3930	raftstore-proxy.raft-engine.recovery-threads	4
tiflash	${LOCALHOST}:3930	raftstore-proxy.raft-engine.spill-dir	null
tiflash	${LOCALHOST}:3930	raftstore-proxy.raft-engine.target-file-size	128MiB
tiflash	${LOCALHOST}:3930	raftstore-proxy.raftdb.allow-concurrent-memtable-write	true
tiflash	${LOCALHOST}:3930	raftstore-proxy.raftdb.bytes-per-sync	1MiB
tiflash	${LOCALHOST}:3930	raftstore-proxy.raftdb.compaction-readahead-size	0KiB
tiflash	${LOCALHOST}:3930	raftstore-proxy.raftdb.create-if-missing	true
tiflash	${LOCALHOST}:3930	raftstore-proxy.raftdb.defaultcf.block-based-bloom-filter	false
tiflash	${LOCALHOST}:3930	raftstore-proxy.raftdb.defaultcf.block-cache-size	819MiB
tiflash	${LOCALHOST}:3930	raftstore-proxy.raftdb.defaultcf.block-size	64KiB
tiflash	${LOCALHOST}:3930	raftstore-proxy.raftdb.defaultcf.bloom-filter-bits-per-key	10
tiflash	${LOCALHOST}:3930	raftstore-proxy.raftdb.defaultcf.bottommost-level-compression	disable
tiflash	${LOCALHOST}:3930	raftstore-proxy.raftdb.defaultcf.bottommost-zstd-compression-dict-size	0
tiflash	${LOCALHOST}:3930	raftstore-proxy.raftdb.defaultcf.bottommost-zstd-compression-sample-size	0
tiflash	${LOCALHOST}:3930	raftstore-proxy.raftdb.defaultcf.cache-index-and-filter-blocks	true
tiflash	${LOCALHOST}:3930	raftstore-proxy.raftdb.defaultcf.checksum	crc32c
tiflash	${LOCALHOST}:3930	raftstore-proxy.raftdb.defaultcf.compaction-guard-max-output-file-size	128MiB
tiflash	${LOCALHOST}:3930	raftstore-proxy.raftdb.defaultcf.compaction-guard-min-output-file-size	8MiB
tiflash	${LOCALHOST}:3930	raftstore-proxy.raftdb.defaultcf.compaction-pri	0
tiflash	${LOCALHOST}:3930	raftstore-proxy.raftdb.defaultcf.compaction-style	0
tiflash	${LOCALHOST}:3930	raftstore-proxy.raftdb.defaultcf.compression-per-level	["no","no","lz4","lz4","lz4","zstd","zstd"]
tiflash	${LOCALHOST}:3930	raftstore-proxy.raftdb.defaultcf.disable-auto-compactions	false
tiflash	${LOCALHOST}:3930	raftstore-proxy.raftdb.defaultcf.disable-block-cache	false
tiflash	${LOCALHOST}:3930	raftstore-proxy.raftdb.defaultcf.disable-write-stall	false
tiflash	${LOCALHOST}:3930	raftstore-proxy.raftdb.defaultcf.dynamic-level-bytes	true
tiflash	${LOCALHOST}:3930	raftstore-proxy.raftdb.defaultcf.enable-compaction-guard	null
tiflash	${LOCALHOST}:3930	raftstore-proxy.raftdb.defaultcf.enable-doubly-skiplist	true
tiflash	${LOCALHOST}:3930	raftstore-proxy.raftdb.defaultcf.force-consistency-checks	false
tiflash	${LOCALHOST}:3930	raftstore-proxy.raftdb.defaultcf.format-version	2
tiflash	${LOCALHOST}:3930	raftstore-proxy.raftdb.defaultcf.hard-pending-compaction-bytes-limit	1TiB
tiflash	${LOCALHOST}:3930	raftstore-proxy.raftdb.defaultcf.level0-file-num-compaction-trigger	4
tiflash	${LOCALHOST}:3930	raftstore-proxy.raftdb.defaultcf.level0-slowdown-writes-trigger	20
tiflash	${LOCALHOST}:3930	raftstore-proxy.raftdb.defaultcf.level0-stop-writes-trigger	20
tiflash	${LOCALHOST}:3930	raftstore-proxy.raftdb.defaultcf.max-bytes-for-level-base	512MiB
tiflash	${LOCALHOST}:3930	raftstore-proxy.raftdb.defaultcf.max-bytes-for-level-multiplier	10
tiflash	${LOCALHOST}:3930	raftstore-proxy.raftdb.defaultcf.max-compaction-bytes	2GiB
tiflash	${LOCALHOST}:3930	raftstore-proxy.raftdb.defaultcf.max-compactions	0
tiflash	${LOCALHOST}:3930	raftstore-proxy.raftdb.defaultcf.max-write-buffer-number	5
tiflash	${LOCALHOST}:3930	raftstore-proxy.raftdb.defaultcf.min-write-buffer-number-to-merge	1
tiflash	${LOCALHOST}:3930	raftstore-proxy.raftdb.defaultcf.num-levels	7
tiflash	${LOCALHOST}:3930	raftstore-proxy.raftdb.defaultcf.optimize-filters-for-hits	true
tiflash	${LOCALHOST}:3930	raftstore-proxy.raftdb.defaultcf.pin-l0-filter-and-index-blocks	true
tiflash	${LOCALHOST}:3930	raftstore-proxy.raftdb.defaultcf.prepopulate-block-cache	disabled
tiflash	${LOCALHOST}:3930	raftstore-proxy.raftdb.defaultcf.prop-keys-index-distance	40960
tiflash	${LOCALHOST}:3930	raftstore-proxy.raftdb.defaultcf.prop-size-index-distance	4194304
tiflash	${LOCALHOST}:3930	raftstore-proxy.raftdb.defaultcf.read-amp-bytes-per-bit	0
tiflash	${LOCALHOST}:3930	raftstore-proxy.raftdb.defaultcf.soft-pending-compaction-bytes-limit	192GiB
tiflash	${LOCALHOST}:3930	raftstore-proxy.raftdb.defaultcf.target-file-size-base	null
tiflash	${LOCALHOST}:3930	raftstore-proxy.raftdb.defaultcf.titan.blob-cache-size	0KiB
tiflash	${LOCALHOST}:3930	raftstore-proxy.raftdb.defaultcf.titan.blob-file-compression	lz4
tiflash	${LOCALHOST}:3930	raftstore-proxy.raftdb.defaultcf.titan.blob-run-mode	normal
tiflash	${LOCALHOST}:3930	raftstore-proxy.raftdb.defaultcf.titan.discardable-ratio	0.5
tiflash	${LOCALHOST}:3930	raftstore-proxy.raftdb.defaultcf.titan.level-merge	false
tiflash	${LOCALHOST}:3930	raftstore-proxy.raftdb.defaultcf.titan.max-gc-batch-size	64MiB
tiflash	${LOCALHOST}:3930	raftstore-proxy.raftdb.defaultcf.titan.max-sorted-runs	20
tiflash	${LOCALHOST}:3930	raftstore-proxy.raftdb.defaultcf.titan.merge-small-file-threshold	8MiB
tiflash	${LOCALHOST}:3930	raftstore-proxy.raftdb.defaultcf.titan.min-blob-size	1KiB
tiflash	${LOCALHOST}:3930	raftstore-proxy.raftdb.defaultcf.titan.min-gc-batch-size	16MiB
tiflash	${LOCALHOST}:3930	raftstore-proxy.raftdb.defaultcf.titan.range-merge	true
tiflash	${LOCALHOST}:3930	raftstore-proxy.raftdb.defaultcf.use-bloom-filter	false
tiflash	${LOCALHOST}:3930	raftstore-proxy.raftdb.defaultcf.whole-key-filtering	true
tiflash	${LOCALHOST}:3930	raftstore-proxy.raftdb.defaultcf.write-buffer-size	128MiB
tiflash	${LOCALHOST}:3930	raftstore-proxy.raftdb.enable-pipelined-write	true
tiflash	${LOCALHOST}:3930	raftstore-proxy.raftdb.enable-unordered-write	false
tiflash	${LOCALHOST}:3930	raftstore-proxy.raftdb.info-log-dir	
tiflash	${LOCALHOST}:3930	raftstore-proxy.raftdb.info-log-keep-log-file-num	10
tiflash	${LOCALHOST}:3930	raftstore-proxy.raftdb.info-log-level	info
tiflash	${LOCALHOST}:3930	raftstore-proxy.raftdb.info-log-max-size	1GiB
tiflash	${LOCALHOST}:3930	raftstore-proxy.raftdb.info-log-roll-time	0s
tiflash	${LOCALHOST}:3930	raftstore-proxy.raftdb.max-background-flushes	1
tiflash	${LOCALHOST}:3930	raftstore-proxy.raftdb.max-background-jobs	4
tiflash	${LOCALHOST}:3930	raftstore-proxy.raftdb.max-manifest-file-size	20MiB
tiflash	${LOCALHOST}:3930	raftstore-proxy.raftdb.max-open-files	256
tiflash	${LOCALHOST}:3930	raftstore-proxy.raftdb.max-sub-compactions	2
tiflash	${LOCALHOST}:3930	raftstore-proxy.raftdb.max-total-wal-size	4GiB
tiflash	${LOCALHOST}:3930	raftstore-proxy.raftdb.stats-dump-period	10m
tiflash	${LOCALHOST}:3930	raftstore-proxy.raftdb.titan.dirname	
tiflash	${LOCALHOST}:3930	raftstore-proxy.raftdb.titan.disable-gc	false
tiflash	${LOCALHOST}:3930	raftstore-proxy.raftdb.titan.enabled	false
tiflash	${LOCALHOST}:3930	raftstore-proxy.raftdb.titan.max-background-gc	4
tiflash	${LOCALHOST}:3930	raftstore-proxy.raftdb.titan.purge-obsolete-files-period	10s
tiflash	${LOCALHOST}:3930	raftstore-proxy.raftdb.use-direct-io-for-flush-and-compaction	false
tiflash	${LOCALHOST}:3930	raftstore-proxy.raftdb.wal-bytes-per-sync	512KiB
tiflash	${LOCALHOST}:3930	raftstore-proxy.raftdb.wal-dir	
tiflash	${LOCALHOST}:3930	raftstore-proxy.raftdb.wal-recovery-mode	2
tiflash	${LOCALHOST}:3930	raftstore-proxy.raftdb.wal-size-limit	0KiB
tiflash	${LOCALHOST}:3930	raftstore-proxy.raftdb.wal-ttl-seconds	0
tiflash	${LOCALHOST}:3930	raftstore-proxy.raftdb.writable-file-max-buffer-size	1MiB
tiflash	${LOCALHOST}:3930	raftstore-proxy.raftstore.abnormal-leader-missing-duration	10m
tiflash	${LOCALHOST}:3930	raftstore-proxy.raftstore.allow-remove-leader	false
tiflash	${LOCALHOST}:3930	raftstore-proxy.raftstore.apply-low-priority-pool-size	8
tiflash	${LOCALHOST}:3930	raftstore-proxy.raftstore.apply-max-batch-size	256
tiflash	${LOCALHOST}:3930	raftstore-proxy.raftstore.apply-pool-size	2
tiflash	${LOCALHOST}:3930	raftstore-proxy.raftstore.apply-reschedule-duration	5s
tiflash	${LOCALHOST}:3930	raftstore-proxy.raftstore.apply-yield-write-size	32KiB
tiflash	${LOCALHOST}:3930	raftstore-proxy.raftstore.capacity	0KiB
tiflash	${LOCALHOST}:3930	raftstore-proxy.raftstore.check-leader-lease-interval	2s250ms
tiflash	${LOCALHOST}:3930	raftstore-proxy.raftstore.check-long-uncommitted-interval	10s
tiflash	${LOCALHOST}:3930	raftstore-proxy.raftstore.clean-stale-ranges-tick	20
tiflash	${LOCALHOST}:3930	raftstore-proxy.raftstore.cleanup-import-sst-interval	10m
tiflash	${LOCALHOST}:3930	raftstore-proxy.raftstore.cmd-batch	true
tiflash	${LOCALHOST}:3930	raftstore-proxy.raftstore.cmd-batch-concurrent-ready-max-count	1
tiflash	${LOCALHOST}:3930	raftstore-proxy.raftstore.consistency-check-interval	0s
tiflash	${LOCALHOST}:3930	raftstore-proxy.raftstore.evict-cache-on-memory-ratio	0.1
tiflash	${LOCALHOST}:3930	raftstore-proxy.raftstore.future-poll-size	1
tiflash	${LOCALHOST}:3930	raftstore-proxy.raftstore.hibernate-regions	true
tiflash	${LOCALHOST}:3930	raftstore-proxy.raftstore.inspect-interval	500ms
tiflash	${LOCALHOST}:3930	raftstore-proxy.raftstore.io-reschedule-concurrent-max-count	4
tiflash	${LOCALHOST}:3930	raftstore-proxy.raftstore.io-reschedule-hotpot-duration	5s
tiflash	${LOCALHOST}:3930	raftstore-proxy.raftstore.local-read-batch-size	1024
tiflash	${LOCALHOST}:3930	raftstore-proxy.raftstore.lock-cf-compact-bytes-threshold	256MiB
tiflash	${LOCALHOST}:3930	raftstore-proxy.raftstore.lock-cf-compact-interval	10m
tiflash	${LOCALHOST}:3930	raftstore-proxy.raftstore.long-uncommitted-base-threshold	20s
tiflash	${LOCALHOST}:3930	raftstore-proxy.raftstore.max-entry-cache-warmup-duration	1s
tiflash	${LOCALHOST}:3930	raftstore-proxy.raftstore.max-leader-missing-duration	2h
tiflash	${LOCALHOST}:3930	raftstore-proxy.raftstore.max-peer-down-duration	10m
tiflash	${LOCALHOST}:3930	raftstore-proxy.raftstore.max-snapshot-file-raw-size	100MiB
tiflash	${LOCALHOST}:3930	raftstore-proxy.raftstore.merge-check-tick-interval	2s
tiflash	${LOCALHOST}:3930	raftstore-proxy.raftstore.messages-per-tick	4096
tiflash	${LOCALHOST}:3930	raftstore-proxy.raftstore.notify-capacity	40960
tiflash	${LOCALHOST}:3930	raftstore-proxy.raftstore.pd-heartbeat-tick-interval	1m
tiflash	${LOCALHOST}:3930	raftstore-proxy.raftstore.pd-store-heartbeat-tick-interval	10s
tiflash	${LOCALHOST}:3930	raftstore-proxy.raftstore.peer-stale-state-check-interval	5m
tiflash	${LOCALHOST}:3930	raftstore-proxy.raftstore.perf-level	0
tiflash	${LOCALHOST}:3930	raftstore-proxy.raftstore.prevote	true
tiflash	${LOCALHOST}:3930	raftstore-proxy.raftstore.raft-engine-purge-interval	10s
tiflash	${LOCALHOST}:3930	raftstore-proxy.raftstore.raft-entry-cache-life-time	30s
tiflash	${LOCALHOST}:3930	raftstore-proxy.raftstore.raft-entry-max-size	8MiB
tiflash	${LOCALHOST}:3930	raftstore-proxy.raftstore.raft-log-compact-sync-interval	2s
tiflash	${LOCALHOST}:3930	raftstore-proxy.raftstore.raft-log-gc-count-limit	73728
tiflash	${LOCALHOST}:3930	raftstore-proxy.raftstore.raft-log-gc-size-limit	72MiB
tiflash	${LOCALHOST}:3930	raftstore-proxy.raftstore.raft-log-gc-threshold	50
tiflash	${LOCALHOST}:3930	raftstore-proxy.raftstore.raft-log-gc-tick-interval	3s
tiflash	${LOCALHOST}:3930	raftstore-proxy.raftstore.raft-max-inflight-msgs	256
tiflash	${LOCALHOST}:3930	raftstore-proxy.raftstore.raft-max-size-per-msg	1MiB
tiflash	${LOCALHOST}:3930	raftstore-proxy.raftstore.raft-store-max-leader-lease	9s
tiflash	${LOCALHOST}:3930	raftstore-proxy.raftstore.raft-write-size-limit	1MiB
tiflash	${LOCALHOST}:3930	raftstore-proxy.raftstore.raftdb-path	${TIUP_DATA_DIR}/tiflash-0/proxy_data/raft
tiflash	${LOCALHOST}:3930	raftstore-proxy.raftstore.reactive-memory-lock-tick-interval	2s
tiflash	${LOCALHOST}:3930	raftstore-proxy.raftstore.reactive-memory-lock-timeout-tick	5
tiflash	${LOCALHOST}:3930	raftstore-proxy.raftstore.region-compact-check-interval	5m
tiflash	${LOCALHOST}:3930	raftstore-proxy.raftstore.region-compact-check-step	100
tiflash	${LOCALHOST}:3930	raftstore-proxy.raftstore.region-compact-min-redundant-rows	50000
tiflash	${LOCALHOST}:3930	raftstore-proxy.raftstore.region-compact-min-tombstones	10000
tiflash	${LOCALHOST}:3930	raftstore-proxy.raftstore.region-compact-redundant-rows-percent	20
tiflash	${LOCALHOST}:3930	raftstore-proxy.raftstore.region-compact-tombstones-percent	30
tiflash	${LOCALHOST}:3930	raftstore-proxy.raftstore.region-split-check-diff	6MiB
tiflash	${LOCALHOST}:3930	raftstore-proxy.raftstore.region-worker-tick-interval	500ms
tiflash	${LOCALHOST}:3930	raftstore-proxy.raftstore.renew-leader-lease-advance-duration	2s250ms
tiflash	${LOCALHOST}:3930	raftstore-proxy.raftstore.report-min-resolved-ts-interval	1s
tiflash	${LOCALHOST}:3930	raftstore-proxy.raftstore.report-region-buckets-tick-interval	10s
tiflash	${LOCALHOST}:3930	raftstore-proxy.raftstore.request-voter-replicated-index-interval	5m
tiflash	${LOCALHOST}:3930	raftstore-proxy.raftstore.slow-trend-unsensitive-cause	10
tiflash	${LOCALHOST}:3930	raftstore-proxy.raftstore.slow-trend-unsensitive-result	0.5
tiflash	${LOCALHOST}:3930	raftstore-proxy.raftstore.snap-apply-batch-size	10MiB
tiflash	${LOCALHOST}:3930	raftstore-proxy.raftstore.snap-gc-timeout	4h
tiflash	${LOCALHOST}:3930	raftstore-proxy.raftstore.snap-generator-pool-size	2
tiflash	${LOCALHOST}:3930	raftstore-proxy.raftstore.snap-mgr-gc-tick-interval	1m
tiflash	${LOCALHOST}:3930	raftstore-proxy.raftstore.split-region-check-tick-interval	10s
tiflash	${LOCALHOST}:3930	raftstore-proxy.raftstore.store-io-notify-capacity	40960
tiflash	${LOCALHOST}:3930	raftstore-proxy.raftstore.store-io-pool-size	0
tiflash	${LOCALHOST}:3930	raftstore-proxy.raftstore.store-low-priority-pool-size	0
tiflash	${LOCALHOST}:3930	raftstore-proxy.raftstore.store-max-batch-size	256
tiflash	${LOCALHOST}:3930	raftstore-proxy.raftstore.store-pool-size	2
tiflash	${LOCALHOST}:3930	raftstore-proxy.raftstore.store-reschedule-duration	5s
tiflash	${LOCALHOST}:3930	raftstore-proxy.raftstore.unreachable-backoff	10s
tiflash	${LOCALHOST}:3930	raftstore-proxy.raftstore.waterfall-metrics	true
tiflash	${LOCALHOST}:3930	raftstore-proxy.readpool.coprocessor.high-concurrency	6
tiflash	${LOCALHOST}:3930	raftstore-proxy.readpool.coprocessor.low-concurrency	6
tiflash	${LOCALHOST}:3930	raftstore-proxy.readpool.coprocessor.max-tasks-per-worker-high	2000
tiflash	${LOCALHOST}:3930	raftstore-proxy.readpool.coprocessor.max-tasks-per-worker-low	2000
tiflash	${LOCALHOST}:3930	raftstore-proxy.readpool.coprocessor.max-tasks-per-worker-normal	2000
tiflash	${LOCALHOST}:3930	raftstore-proxy.readpool.coprocessor.normal-concurrency	6
tiflash	${LOCALHOST}:3930	raftstore-proxy.readpool.coprocessor.stack-size	10MiB
tiflash	${LOCALHOST}:3930	raftstore-proxy.readpool.coprocessor.use-unified-pool	true
tiflash	${LOCALHOST}:3930	raftstore-proxy.readpool.storage.high-concurrency	4
tiflash	${LOCALHOST}:3930	raftstore-proxy.readpool.storage.low-concurrency	4
tiflash	${LOCALHOST}:3930	raftstore-proxy.readpool.storage.max-tasks-per-worker-high	2000
tiflash	${LOCALHOST}:3930	raftstore-proxy.readpool.storage.max-tasks-per-worker-low	2000
tiflash	${LOCALHOST}:3930	raftstore-proxy.readpool.storage.max-tasks-per-worker-normal	2000
tiflash	${LOCALHOST}:3930	raftstore-proxy.readpool.storage.normal-concurrency	4
tiflash	${LOCALHOST}:3930	raftstore-proxy.readpool.storage.stack-size	10MiB
tiflash	${LOCALHOST}:3930	raftstore-proxy.readpool.storage.use-unified-pool	true
tiflash	${LOCALHOST}:3930	raftstore-proxy.readpool.unified.auto-adjust-pool-size	false
tiflash	${LOCALHOST}:3930	raftstore-proxy.readpool.unified.max-tasks-per-worker	2000
tiflash	${LOCALHOST}:3930	raftstore-proxy.readpool.unified.max-thread-count	4
tiflash	${LOCALHOST}:3930	raftstore-proxy.readpool.unified.min-thread-count	1
tiflash	${LOCALHOST}:3930	raftstore-proxy.readpool.unified.stack-size	10MiB
tiflash	${LOCALHOST}:3930	raftstore-proxy.resolved-ts.advance-ts-interval	20s
tiflash	${LOCALHOST}:3930	raftstore-proxy.resolved-ts.enable	true
tiflash	${LOCALHOST}:3930	raftstore-proxy.resolved-ts.scan-lock-pool-size	2
tiflash	${LOCALHOST}:3930	raftstore-proxy.resource-control.enabled	true
tiflash	${LOCALHOST}:3930	raftstore-proxy.resource-metering.max-resource-groups	100
tiflash	${LOCALHOST}:3930	raftstore-proxy.resource-metering.precision	1s
tiflash	${LOCALHOST}:3930	raftstore-proxy.resource-metering.receiver-address	
tiflash	${LOCALHOST}:3930	raftstore-proxy.resource-metering.report-receiver-interval	1m
tiflash	${LOCALHOST}:3930	raftstore-proxy.rocksdb.allow-concurrent-memtable-write	true
tiflash	${LOCALHOST}:3930	raftstore-proxy.rocksdb.bytes-per-sync	1MiB
tiflash	${LOCALHOST}:3930	raftstore-proxy.rocksdb.compaction-readahead-size	0KiB
tiflash	${LOCALHOST}:3930	raftstore-proxy.rocksdb.create-if-missing	true
tiflash	${LOCALHOST}:3930	raftstore-proxy.rocksdb.defaultcf.block-based-bloom-filter	false
tiflash	${LOCALHOST}:3930	raftstore-proxy.rocksdb.defaultcf.block-cache-size	128MiB
tiflash	${LOCALHOST}:3930	raftstore-proxy.rocksdb.defaultcf.block-size	32KiB
tiflash	${LOCALHOST}:3930	raftstore-proxy.rocksdb.defaultcf.bloom-filter-bits-per-key	10
tiflash	${LOCALHOST}:3930	raftstore-proxy.rocksdb.defaultcf.bottommost-level-compression	zstd
tiflash	${LOCALHOST}:3930	raftstore-proxy.rocksdb.defaultcf.bottommost-zstd-compression-dict-size	0
tiflash	${LOCALHOST}:3930	raftstore-proxy.rocksdb.defaultcf.bottommost-zstd-compression-sample-size	0
tiflash	${LOCALHOST}:3930	raftstore-proxy.rocksdb.defaultcf.cache-index-and-filter-blocks	true
tiflash	${LOCALHOST}:3930	raftstore-proxy.rocksdb.defaultcf.checksum	crc32c
tiflash	${LOCALHOST}:3930	raftstore-proxy.rocksdb.defaultcf.compaction-guard-max-output-file-size	128MiB
tiflash	${LOCALHOST}:3930	raftstore-proxy.rocksdb.defaultcf.compaction-guard-min-output-file-size	8MiB
tiflash	${LOCALHOST}:3930	raftstore-proxy.rocksdb.defaultcf.compaction-pri	3
tiflash	${LOCALHOST}:3930	raftstore-proxy.rocksdb.defaultcf.compaction-style	0
tiflash	${LOCALHOST}:3930	raftstore-proxy.rocksdb.defaultcf.compression-per-level	["no","no","lz4","lz4","lz4","zstd","zstd"]
tiflash	${LOCALHOST}:3930	raftstore-proxy.rocksdb.defaultcf.disable-auto-compactions	false
tiflash	${LOCALHOST}:3930	raftstore-proxy.rocksdb.defaultcf.disable-block-cache	false
tiflash	${LOCALHOST}:3930	raftstore-proxy.rocksdb.defaultcf.disable-write-stall	true
tiflash	${LOCALHOST}:3930	raftstore-proxy.rocksdb.defaultcf.dynamic-level-bytes	true
tiflash	${LOCALHOST}:3930	raftstore-proxy.rocksdb.defaultcf.enable-compaction-guard	true
tiflash	${LOCALHOST}:3930	raftstore-proxy.rocksdb.defaultcf.enable-doubly-skiplist	true
tiflash	${LOCALHOST}:3930	raftstore-proxy.rocksdb.defaultcf.force-consistency-checks	false
tiflash	${LOCALHOST}:3930	raftstore-proxy.rocksdb.defaultcf.format-version	2
tiflash	${LOCALHOST}:3930	raftstore-proxy.rocksdb.defaultcf.hard-pending-compaction-bytes-limit	1TiB
tiflash	${LOCALHOST}:3930	raftstore-proxy.rocksdb.defaultcf.level0-file-num-compaction-trigger	4
tiflash	${LOCALHOST}:3930	raftstore-proxy.rocksdb.defaultcf.level0-slowdown-writes-trigger	20
tiflash	${LOCALHOST}:3930	raftstore-proxy.rocksdb.defaultcf.level0-stop-writes-trigger	20
tiflash	${LOCALHOST}:3930	raftstore-proxy.rocksdb.defaultcf.max-bytes-for-level-base	512MiB
tiflash	${LOCALHOST}:3930	raftstore-proxy.rocksdb.defaultcf.max-bytes-for-level-multiplier	10
tiflash	${LOCALHOST}:3930	raftstore-proxy.rocksdb.defaultcf.max-compaction-bytes	2GiB
tiflash	${LOCALHOST}:3930	raftstore-proxy.rocksdb.defaultcf.max-compactions	0
tiflash	${LOCALHOST}:3930	raftstore-proxy.rocksdb.defaultcf.max-write-buffer-number	5
tiflash	${LOCALHOST}:3930	raftstore-proxy.rocksdb.defaultcf.min-write-buffer-number-to-merge	1
tiflash	${LOCALHOST}:3930	raftstore-proxy.rocksdb.defaultcf.num-levels	7
tiflash	${LOCALHOST}:3930	raftstore-proxy.rocksdb.defaultcf.optimize-filters-for-hits	true
tiflash	${LOCALHOST}:3930	raftstore-proxy.rocksdb.defaultcf.pin-l0-filter-and-index-blocks	true
tiflash	${LOCALHOST}:3930	raftstore-proxy.rocksdb.defaultcf.prepopulate-block-cache	disabled
tiflash	${LOCALHOST}:3930	raftstore-proxy.rocksdb.defaultcf.prop-keys-index-distance	40960
tiflash	${LOCALHOST}:3930	raftstore-proxy.rocksdb.defaultcf.prop-size-index-distance	4194304
tiflash	${LOCALHOST}:3930	raftstore-proxy.rocksdb.defaultcf.read-amp-bytes-per-bit	0
tiflash	${LOCALHOST}:3930	raftstore-proxy.rocksdb.defaultcf.soft-pending-compaction-bytes-limit	192GiB
tiflash	${LOCALHOST}:3930	raftstore-proxy.rocksdb.defaultcf.target-file-size-base	null
tiflash	${LOCALHOST}:3930	raftstore-proxy.rocksdb.defaultcf.titan.blob-cache-size	0KiB
tiflash	${LOCALHOST}:3930	raftstore-proxy.rocksdb.defaultcf.titan.blob-file-compression	lz4
tiflash	${LOCALHOST}:3930	raftstore-proxy.rocksdb.defaultcf.titan.blob-run-mode	normal
tiflash	${LOCALHOST}:3930	raftstore-proxy.rocksdb.defaultcf.titan.discardable-ratio	0.5
tiflash	${LOCALHOST}:3930	raftstore-proxy.rocksdb.defaultcf.titan.level-merge	false
tiflash	${LOCALHOST}:3930	raftstore-proxy.rocksdb.defaultcf.titan.max-gc-batch-size	64MiB
tiflash	${LOCALHOST}:3930	raftstore-proxy.rocksdb.defaultcf.titan.max-sorted-runs	20
tiflash	${LOCALHOST}:3930	raftstore-proxy.rocksdb.defaultcf.titan.merge-small-file-threshold	8MiB
tiflash	${LOCALHOST}:3930	raftstore-proxy.rocksdb.defaultcf.titan.min-blob-size	1KiB
tiflash	${LOCALHOST}:3930	raftstore-proxy.rocksdb.defaultcf.titan.min-gc-batch-size	16MiB
tiflash	${LOCALHOST}:3930	raftstore-proxy.rocksdb.defaultcf.titan.range-merge	true
tiflash	${LOCALHOST}:3930	raftstore-proxy.rocksdb.defaultcf.use-bloom-filter	true
tiflash	${LOCALHOST}:3930	raftstore-proxy.rocksdb.defaultcf.whole-key-filtering	true
tiflash	${LOCALHOST}:3930	raftstore-proxy.rocksdb.defaultcf.write-buffer-size	128MiB
tiflash	${LOCALHOST}:3930	raftstore-proxy.rocksdb.enable-multi-batch-write	null
tiflash	${LOCALHOST}:3930	raftstore-proxy.rocksdb.enable-pipelined-write	false
tiflash	${LOCALHOST}:3930	raftstore-proxy.rocksdb.enable-unordered-write	false
tiflash	${LOCALHOST}:3930	raftstore-proxy.rocksdb.info-log-dir	
tiflash	${LOCALHOST}:3930	raftstore-proxy.rocksdb.info-log-keep-log-file-num	10
tiflash	${LOCALHOST}:3930	raftstore-proxy.rocksdb.info-log-level	info
tiflash	${LOCALHOST}:3930	raftstore-proxy.rocksdb.info-log-max-size	1GiB
tiflash	${LOCALHOST}:3930	raftstore-proxy.rocksdb.info-log-roll-time	0s
tiflash	${LOCALHOST}:3930	raftstore-proxy.rocksdb.lockcf.block-based-bloom-filter	false
tiflash	${LOCALHOST}:3930	raftstore-proxy.rocksdb.lockcf.block-cache-size	128MiB
tiflash	${LOCALHOST}:3930	raftstore-proxy.rocksdb.lockcf.block-size	16KiB
tiflash	${LOCALHOST}:3930	raftstore-proxy.rocksdb.lockcf.bloom-filter-bits-per-key	10
tiflash	${LOCALHOST}:3930	raftstore-proxy.rocksdb.lockcf.bottommost-level-compression	disable
tiflash	${LOCALHOST}:3930	raftstore-proxy.rocksdb.lockcf.bottommost-zstd-compression-dict-size	0
tiflash	${LOCALHOST}:3930	raftstore-proxy.rocksdb.lockcf.bottommost-zstd-compression-sample-size	0
tiflash	${LOCALHOST}:3930	raftstore-proxy.rocksdb.lockcf.cache-index-and-filter-blocks	true
tiflash	${LOCALHOST}:3930	raftstore-proxy.rocksdb.lockcf.checksum	crc32c
tiflash	${LOCALHOST}:3930	raftstore-proxy.rocksdb.lockcf.compaction-guard-max-output-file-size	128MiB
tiflash	${LOCALHOST}:3930	raftstore-proxy.rocksdb.lockcf.compaction-guard-min-output-file-size	8MiB
tiflash	${LOCALHOST}:3930	raftstore-proxy.rocksdb.lockcf.compaction-pri	0
tiflash	${LOCALHOST}:3930	raftstore-proxy.rocksdb.lockcf.compaction-style	0
tiflash	${LOCALHOST}:3930	raftstore-proxy.rocksdb.lockcf.compression-per-level	["no","no","no","no","no","no","no"]
tiflash	${LOCALHOST}:3930	raftstore-proxy.rocksdb.lockcf.disable-auto-compactions	false
tiflash	${LOCALHOST}:3930	raftstore-proxy.rocksdb.lockcf.disable-block-cache	false
tiflash	${LOCALHOST}:3930	raftstore-proxy.rocksdb.lockcf.disable-write-stall	true
tiflash	${LOCALHOST}:3930	raftstore-proxy.rocksdb.lockcf.dynamic-level-bytes	true
tiflash	${LOCALHOST}:3930	raftstore-proxy.rocksdb.lockcf.enable-compaction-guard	null
tiflash	${LOCALHOST}:3930	raftstore-proxy.rocksdb.lockcf.enable-doubly-skiplist	true
tiflash	${LOCALHOST}:3930	raftstore-proxy.rocksdb.lockcf.force-consistency-checks	false
tiflash	${LOCALHOST}:3930	raftstore-proxy.rocksdb.lockcf.format-version	2
tiflash	${LOCALHOST}:3930	raftstore-proxy.rocksdb.lockcf.hard-pending-compaction-bytes-limit	1TiB
tiflash	${LOCALHOST}:3930	raftstore-proxy.rocksdb.lockcf.level0-file-num-compaction-trigger	1
tiflash	${LOCALHOST}:3930	raftstore-proxy.rocksdb.lockcf.level0-slowdown-writes-trigger	20
tiflash	${LOCALHOST}:3930	raftstore-proxy.rocksdb.lockcf.level0-stop-writes-trigger	20
tiflash	${LOCALHOST}:3930	raftstore-proxy.rocksdb.lockcf.max-bytes-for-level-base	128MiB
tiflash	${LOCALHOST}:3930	raftstore-proxy.rocksdb.lockcf.max-bytes-for-level-multiplier	10
tiflash	${LOCALHOST}:3930	raftstore-proxy.rocksdb.lockcf.max-compaction-bytes	2GiB
tiflash	${LOCALHOST}:3930	raftstore-proxy.rocksdb.lockcf.max-compactions	0
tiflash	${LOCALHOST}:3930	raftstore-proxy.rocksdb.lockcf.max-write-buffer-number	5
tiflash	${LOCALHOST}:3930	raftstore-proxy.rocksdb.lockcf.min-write-buffer-number-to-merge	1
tiflash	${LOCALHOST}:3930	raftstore-proxy.rocksdb.lockcf.num-levels	7
tiflash	${LOCALHOST}:3930	raftstore-proxy.rocksdb.lockcf.optimize-filters-for-hits	false
tiflash	${LOCALHOST}:3930	raftstore-proxy.rocksdb.lockcf.pin-l0-filter-and-index-blocks	true
tiflash	${LOCALHOST}:3930	raftstore-proxy.rocksdb.lockcf.prepopulate-block-cache	disabled
tiflash	${LOCALHOST}:3930	raftstore-proxy.rocksdb.lockcf.prop-keys-index-distance	40960
tiflash	${LOCALHOST}:3930	raftstore-proxy.rocksdb.lockcf.prop-size-index-distance	4194304
tiflash	${LOCALHOST}:3930	raftstore-proxy.rocksdb.lockcf.read-amp-bytes-per-bit	0
tiflash	${LOCALHOST}:3930	raftstore-proxy.rocksdb.lockcf.soft-pending-compaction-bytes-limit	192GiB
tiflash	${LOCALHOST}:3930	raftstore-proxy.rocksdb.lockcf.target-file-size-base	null
tiflash	${LOCALHOST}:3930	raftstore-proxy.rocksdb.lockcf.titan.blob-cache-size	0KiB
tiflash	${LOCALHOST}:3930	raftstore-proxy.rocksdb.lockcf.titan.blob-file-compression	lz4
tiflash	${LOCALHOST}:3930	raftstore-proxy.rocksdb.lockcf.titan.blob-run-mode	read-only
tiflash	${LOCALHOST}:3930	raftstore-proxy.rocksdb.lockcf.titan.discardable-ratio	0.5
tiflash	${LOCALHOST}:3930	raftstore-proxy.rocksdb.lockcf.titan.level-merge	false
tiflash	${LOCALHOST}:3930	raftstore-proxy.rocksdb.lockcf.titan.max-gc-batch-size	64MiB
tiflash	${LOCALHOST}:3930	raftstore-proxy.rocksdb.lockcf.titan.max-sorted-runs	20
tiflash	${LOCALHOST}:3930	raftstore-proxy.rocksdb.lockcf.titan.merge-small-file-threshold	8MiB
tiflash	${LOCALHOST}:3930	raftstore-proxy.rocksdb.lockcf.titan.min-blob-size	1KiB
tiflash	${LOCALHOST}:3930	raftstore-proxy.rocksdb.lockcf.titan.min-gc-batch-size	16MiB
tiflash	${LOCALHOST}:3930	raftstore-proxy.rocksdb.lockcf.titan.range-merge	true
tiflash	${LOCALHOST}:3930	raftstore-proxy.rocksdb.lockcf.use-bloom-filter	true
tiflash	${LOCALHOST}:3930	raftstore-proxy.rocksdb.lockcf.whole-key-filtering	true
tiflash	${LOCALHOST}:3930	raftstore-proxy.rocksdb.lockcf.write-buffer-size	32MiB
tiflash	${LOCALHOST}:3930	raftstore-proxy.rocksdb.max-background-flushes	2
tiflash	${LOCALHOST}:3930	raftstore-proxy.rocksdb.max-background-jobs	7
tiflash	${LOCALHOST}:3930	raftstore-proxy.rocksdb.max-manifest-file-size	128MiB
tiflash	${LOCALHOST}:3930	raftstore-proxy.rocksdb.max-open-files	256
tiflash	${LOCALHOST}:3930	raftstore-proxy.rocksdb.max-sub-compactions	3
tiflash	${LOCALHOST}:3930	raftstore-proxy.rocksdb.max-total-wal-size	4GiB
tiflash	${LOCALHOST}:3930	raftstore-proxy.rocksdb.raftcf.block-based-bloom-filter	false
tiflash	${LOCALHOST}:3930	raftstore-proxy.rocksdb.raftcf.block-cache-size	128MiB
tiflash	${LOCALHOST}:3930	raftstore-proxy.rocksdb.raftcf.block-size	16KiB
tiflash	${LOCALHOST}:3930	raftstore-proxy.rocksdb.raftcf.bloom-filter-bits-per-key	10
tiflash	${LOCALHOST}:3930	raftstore-proxy.rocksdb.raftcf.bottommost-level-compression	disable
tiflash	${LOCALHOST}:3930	raftstore-proxy.rocksdb.raftcf.bottommost-zstd-compression-dict-size	0
tiflash	${LOCALHOST}:3930	raftstore-proxy.rocksdb.raftcf.bottommost-zstd-compression-sample-size	0
tiflash	${LOCALHOST}:3930	raftstore-proxy.rocksdb.raftcf.cache-index-and-filter-blocks	true
tiflash	${LOCALHOST}:3930	raftstore-proxy.rocksdb.raftcf.checksum	crc32c
tiflash	${LOCALHOST}:3930	raftstore-proxy.rocksdb.raftcf.compaction-guard-max-output-file-size	128MiB
tiflash	${LOCALHOST}:3930	raftstore-proxy.rocksdb.raftcf.compaction-guard-min-output-file-size	8MiB
tiflash	${LOCALHOST}:3930	raftstore-proxy.rocksdb.raftcf.compaction-pri	0
tiflash	${LOCALHOST}:3930	raftstore-proxy.rocksdb.raftcf.compaction-style	0
tiflash	${LOCALHOST}:3930	raftstore-proxy.rocksdb.raftcf.compression-per-level	["no","no","no","no","no","no","no"]
tiflash	${LOCALHOST}:3930	raftstore-proxy.rocksdb.raftcf.disable-auto-compactions	false
tiflash	${LOCALHOST}:3930	raftstore-proxy.rocksdb.raftcf.disable-block-cache	false
tiflash	${LOCALHOST}:3930	raftstore-proxy.rocksdb.raftcf.disable-write-stall	true
tiflash	${LOCALHOST}:3930	raftstore-proxy.rocksdb.raftcf.dynamic-level-bytes	true
tiflash	${LOCALHOST}:3930	raftstore-proxy.rocksdb.raftcf.enable-compaction-guard	null
tiflash	${LOCALHOST}:3930	raftstore-proxy.rocksdb.raftcf.enable-doubly-skiplist	true
tiflash	${LOCALHOST}:3930	raftstore-proxy.rocksdb.raftcf.force-consistency-checks	false
tiflash	${LOCALHOST}:3930	raftstore-proxy.rocksdb.raftcf.format-version	2
tiflash	${LOCALHOST}:3930	raftstore-proxy.rocksdb.raftcf.hard-pending-compaction-bytes-limit	1TiB
tiflash	${LOCALHOST}:3930	raftstore-proxy.rocksdb.raftcf.level0-file-num-compaction-trigger	1
tiflash	${LOCALHOST}:3930	raftstore-proxy.rocksdb.raftcf.level0-slowdown-writes-trigger	20
tiflash	${LOCALHOST}:3930	raftstore-proxy.rocksdb.raftcf.level0-stop-writes-trigger	20
tiflash	${LOCALHOST}:3930	raftstore-proxy.rocksdb.raftcf.max-bytes-for-level-base	128MiB
tiflash	${LOCALHOST}:3930	raftstore-proxy.rocksdb.raftcf.max-bytes-for-level-multiplier	10
tiflash	${LOCALHOST}:3930	raftstore-proxy.rocksdb.raftcf.max-compaction-bytes	2GiB
tiflash	${LOCALHOST}:3930	raftstore-proxy.rocksdb.raftcf.max-compactions	0
tiflash	${LOCALHOST}:3930	raftstore-proxy.rocksdb.raftcf.max-write-buffer-number	5
tiflash	${LOCALHOST}:3930	raftstore-proxy.rocksdb.raftcf.min-write-buffer-number-to-merge	1
tiflash	${LOCALHOST}:3930	raftstore-proxy.rocksdb.raftcf.num-levels	7
tiflash	${LOCALHOST}:3930	raftstore-proxy.rocksdb.raftcf.optimize-filters-for-hits	true
tiflash	${LOCALHOST}:3930	raftstore-proxy.rocksdb.raftcf.pin-l0-filter-and-index-blocks	true
tiflash	${LOCALHOST}:3930	raftstore-proxy.rocksdb.raftcf.prepopulate-block-cache	disabled
tiflash	${LOCALHOST}:3930	raftstore-proxy.rocksdb.raftcf.prop-keys-index-distance	40960
tiflash	${LOCALHOST}:3930	raftstore-proxy.rocksdb.raftcf.prop-size-index-distance	4194304
tiflash	${LOCALHOST}:3930	raftstore-proxy.rocksdb.raftcf.read-amp-bytes-per-bit	0
tiflash	${LOCALHOST}:3930	raftstore-proxy.rocksdb.raftcf.soft-pending-compaction-bytes-limit	192GiB
tiflash	${LOCALHOST}:3930	raftstore-proxy.rocksdb.raftcf.target-file-size-base	null
tiflash	${LOCALHOST}:3930	raftstore-proxy.rocksdb.raftcf.titan.blob-cache-size	0KiB
tiflash	${LOCALHOST}:3930	raftstore-proxy.rocksdb.raftcf.titan.blob-file-compression	lz4
tiflash	${LOCALHOST}:3930	raftstore-proxy.rocksdb.raftcf.titan.blob-run-mode	read-only
tiflash	${LOCALHOST}:3930	raftstore-proxy.rocksdb.raftcf.titan.discardable-ratio	0.5
tiflash	${LOCALHOST}:3930	raftstore-proxy.rocksdb.raftcf.titan.level-merge	false
tiflash	${LOCALHOST}:3930	raftstore-proxy.rocksdb.raftcf.titan.max-gc-batch-size	64MiB
tiflash	${LOCALHOST}:3930	raftstore-proxy.rocksdb.raftcf.titan.max-sorted-runs	20
tiflash	${LOCALHOST}:3930	raftstore-proxy.rocksdb.raftcf.titan.merge-small-file-threshold	8MiB
tiflash	${LOCALHOST}:3930	raftstore-proxy.rocksdb.raftcf.titan.min-blob-size	1KiB
tiflash	${LOCALHOST}:3930	raftstore-proxy.rocksdb.raftcf.titan.min-gc-batch-size	16MiB
tiflash	${LOCALHOST}:3930	raftstore-proxy.rocksdb.raftcf.titan.range-merge	true
tiflash	${LOCALHOST}:3930	raftstore-proxy.rocksdb.raftcf.use-bloom-filter	true
tiflash	${LOCALHOST}:3930	raftstore-proxy.rocksdb.raftcf.whole-key-filtering	true
tiflash	${LOCALHOST}:3930	raftstore-proxy.rocksdb.raftcf.write-buffer-size	128MiB
tiflash	${LOCALHOST}:3930	raftstore-proxy.rocksdb.rate-bytes-per-sec	10GiB
tiflash	${LOCALHOST}:3930	raftstore-proxy.rocksdb.rate-limiter-auto-tuned	true
tiflash	${LOCALHOST}:3930	raftstore-proxy.rocksdb.rate-limiter-mode	2
tiflash	${LOCALHOST}:3930	raftstore-proxy.rocksdb.rate-limiter-refill-period	100ms
tiflash	${LOCALHOST}:3930	raftstore-proxy.rocksdb.stats-dump-period	10m
tiflash	${LOCALHOST}:3930	raftstore-proxy.rocksdb.titan.dirname	
tiflash	${LOCALHOST}:3930	raftstore-proxy.rocksdb.titan.disable-gc	false
tiflash	${LOCALHOST}:3930	raftstore-proxy.rocksdb.titan.enabled	false
tiflash	${LOCALHOST}:3930	raftstore-proxy.rocksdb.titan.max-background-gc	4
tiflash	${LOCALHOST}:3930	raftstore-proxy.rocksdb.titan.purge-obsolete-files-period	10s
tiflash	${LOCALHOST}:3930	raftstore-proxy.rocksdb.use-direct-io-for-flush-and-compaction	false
tiflash	${LOCALHOST}:3930	raftstore-proxy.rocksdb.wal-bytes-per-sync	512KiB
tiflash	${LOCALHOST}:3930	raftstore-proxy.rocksdb.wal-dir	
tiflash	${LOCALHOST}:3930	raftstore-proxy.rocksdb.wal-recovery-mode	2
tiflash	${LOCALHOST}:3930	raftstore-proxy.rocksdb.wal-size-limit	0KiB
tiflash	${LOCALHOST}:3930	raftstore-proxy.rocksdb.wal-ttl-seconds	0
tiflash	${LOCALHOST}:3930	raftstore-proxy.rocksdb.writable-file-max-buffer-size	1MiB
tiflash	${LOCALHOST}:3930	raftstore-proxy.rocksdb.write-buffer-limit	null
tiflash	${LOCALHOST}:3930	raftstore-proxy.rocksdb.writecf.block-based-bloom-filter	false
tiflash	${LOCALHOST}:3930	raftstore-proxy.rocksdb.writecf.block-cache-size	128MiB
tiflash	${LOCALHOST}:3930	raftstore-proxy.rocksdb.writecf.block-size	32KiB
tiflash	${LOCALHOST}:3930	raftstore-proxy.rocksdb.writecf.bloom-filter-bits-per-key	10
tiflash	${LOCALHOST}:3930	raftstore-proxy.rocksdb.writecf.bottommost-level-compression	zstd
tiflash	${LOCALHOST}:3930	raftstore-proxy.rocksdb.writecf.bottommost-zstd-compression-dict-size	0
tiflash	${LOCALHOST}:3930	raftstore-proxy.rocksdb.writecf.bottommost-zstd-compression-sample-size	0
tiflash	${LOCALHOST}:3930	raftstore-proxy.rocksdb.writecf.cache-index-and-filter-blocks	true
tiflash	${LOCALHOST}:3930	raftstore-proxy.rocksdb.writecf.checksum	crc32c
tiflash	${LOCALHOST}:3930	raftstore-proxy.rocksdb.writecf.compaction-guard-max-output-file-size	128MiB
tiflash	${LOCALHOST}:3930	raftstore-proxy.rocksdb.writecf.compaction-guard-min-output-file-size	8MiB
tiflash	${LOCALHOST}:3930	raftstore-proxy.rocksdb.writecf.compaction-pri	3
tiflash	${LOCALHOST}:3930	raftstore-proxy.rocksdb.writecf.compaction-style	0
tiflash	${LOCALHOST}:3930	raftstore-proxy.rocksdb.writecf.compression-per-level	["no","no","lz4","lz4","lz4","zstd","zstd"]
tiflash	${LOCALHOST}:3930	raftstore-proxy.rocksdb.writecf.disable-auto-compactions	false
tiflash	${LOCALHOST}:3930	raftstore-proxy.rocksdb.writecf.disable-block-cache	false
tiflash	${LOCALHOST}:3930	raftstore-proxy.rocksdb.writecf.disable-write-stall	true
tiflash	${LOCALHOST}:3930	raftstore-proxy.rocksdb.writecf.dynamic-level-bytes	true
tiflash	${LOCALHOST}:3930	raftstore-proxy.rocksdb.writecf.enable-compaction-guard	true
tiflash	${LOCALHOST}:3930	raftstore-proxy.rocksdb.writecf.enable-doubly-skiplist	true
tiflash	${LOCALHOST}:3930	raftstore-proxy.rocksdb.writecf.force-consistency-checks	false
tiflash	${LOCALHOST}:3930	raftstore-proxy.rocksdb.writecf.format-version	2
tiflash	${LOCALHOST}:3930	raftstore-proxy.rocksdb.writecf.hard-pending-compaction-bytes-limit	1TiB
tiflash	${LOCALHOST}:3930	raftstore-proxy.rocksdb.writecf.level0-file-num-compaction-trigger	4
tiflash	${LOCALHOST}:3930	raftstore-proxy.rocksdb.writecf.level0-slowdown-writes-trigger	20
tiflash	${LOCALHOST}:3930	raftstore-proxy.rocksdb.writecf.level0-stop-writes-trigger	20
tiflash	${LOCALHOST}:3930	raftstore-proxy.rocksdb.writecf.max-bytes-for-level-base	512MiB
tiflash	${LOCALHOST}:3930	raftstore-proxy.rocksdb.writecf.max-bytes-for-level-multiplier	10
tiflash	${LOCALHOST}:3930	raftstore-proxy.rocksdb.writecf.max-compaction-bytes	2GiB
tiflash	${LOCALHOST}:3930	raftstore-proxy.rocksdb.writecf.max-compactions	0
tiflash	${LOCALHOST}:3930	raftstore-proxy.rocksdb.writecf.max-write-buffer-number	5
tiflash	${LOCALHOST}:3930	raftstore-proxy.rocksdb.writecf.min-write-buffer-number-to-merge	1
tiflash	${LOCALHOST}:3930	raftstore-proxy.rocksdb.writecf.num-levels	7
tiflash	${LOCALHOST}:3930	raftstore-proxy.rocksdb.writecf.optimize-filters-for-hits	false
tiflash	${LOCALHOST}:3930	raftstore-proxy.rocksdb.writecf.pin-l0-filter-and-index-blocks	true
tiflash	${LOCALHOST}:3930	raftstore-proxy.rocksdb.writecf.prepopulate-block-cache	disabled
tiflash	${LOCALHOST}:3930	raftstore-proxy.rocksdb.writecf.prop-keys-index-distance	40960
tiflash	${LOCALHOST}:3930	raftstore-proxy.rocksdb.writecf.prop-size-index-distance	4194304
tiflash	${LOCALHOST}:3930	raftstore-proxy.rocksdb.writecf.read-amp-bytes-per-bit	0
tiflash	${LOCALHOST}:3930	raftstore-proxy.rocksdb.writecf.soft-pending-compaction-bytes-limit	192GiB
tiflash	${LOCALHOST}:3930	raftstore-proxy.rocksdb.writecf.target-file-size-base	null
tiflash	${LOCALHOST}:3930	raftstore-proxy.rocksdb.writecf.titan.blob-cache-size	0KiB
tiflash	${LOCALHOST}:3930	raftstore-proxy.rocksdb.writecf.titan.blob-file-compression	lz4
tiflash	${LOCALHOST}:3930	raftstore-proxy.rocksdb.writecf.titan.blob-run-mode	read-only
tiflash	${LOCALHOST}:3930	raftstore-proxy.rocksdb.writecf.titan.discardable-ratio	0.5
tiflash	${LOCALHOST}:3930	raftstore-proxy.rocksdb.writecf.titan.level-merge	false
tiflash	${LOCALHOST}:3930	raftstore-proxy.rocksdb.writecf.titan.max-gc-batch-size	64MiB
tiflash	${LOCALHOST}:3930	raftstore-proxy.rocksdb.writecf.titan.max-sorted-runs	20
tiflash	${LOCALHOST}:3930	raftstore-proxy.rocksdb.writecf.titan.merge-small-file-threshold	8MiB
tiflash	${LOCALHOST}:3930	raftstore-proxy.rocksdb.writecf.titan.min-blob-size	1KiB
tiflash	${LOCALHOST}:3930	raftstore-proxy.rocksdb.writecf.titan.min-gc-batch-size	16MiB
tiflash	${LOCALHOST}:3930	raftstore-proxy.rocksdb.writecf.titan.range-merge	true
tiflash	${LOCALHOST}:3930	raftstore-proxy.rocksdb.writecf.use-bloom-filter	true
tiflash	${LOCALHOST}:3930	raftstore-proxy.rocksdb.writecf.whole-key-filtering	false
tiflash	${LOCALHOST}:3930	raftstore-proxy.rocksdb.writecf.write-buffer-size	128MiB
tiflash	${LOCALHOST}:3930	raftstore-proxy.security.ca-path	
tiflash	${LOCALHOST}:3930	raftstore-proxy.security.cert-allowed-cn	[]
tiflash	${LOCALHOST}:3930	raftstore-proxy.security.cert-path	
tiflash	${LOCALHOST}:3930	raftstore-proxy.security.encryption.data-encryption-method	plaintext
tiflash	${LOCALHOST}:3930	raftstore-proxy.security.encryption.data-key-rotation-period	7d
tiflash	${LOCALHOST}:3930	raftstore-proxy.security.encryption.enable-file-dictionary-log	true
tiflash	${LOCALHOST}:3930	raftstore-proxy.security.encryption.file-dictionary-rewrite-threshold	1000000
tiflash	${LOCALHOST}:3930	raftstore-proxy.security.encryption.master-key.type	plaintext
tiflash	${LOCALHOST}:3930	raftstore-proxy.security.encryption.previous-master-key.type	plaintext
tiflash	${LOCALHOST}:3930	raftstore-proxy.security.key-path	
tiflash	${LOCALHOST}:3930	raftstore-proxy.security.redact-info-log	null
tiflash	${LOCALHOST}:3930	raftstore-proxy.server.addr	${LOCALHOST}:20170
tiflash	${LOCALHOST}:3930	raftstore-proxy.server.advertise-addr	${LOCALHOST}:20170
tiflash	${LOCALHOST}:3930	raftstore-proxy.server.advertise-status-addr	${LOCALHOST}:20292
tiflash	${LOCALHOST}:3930	raftstore-proxy.server.background-thread-count	4
tiflash	${LOCALHOST}:3930	raftstore-proxy.server.concurrent-recv-snap-limit	32
tiflash	${LOCALHOST}:3930	raftstore-proxy.server.concurrent-send-snap-limit	32
tiflash	${LOCALHOST}:3930	raftstore-proxy.server.enable-request-batch	true
tiflash	${LOCALHOST}:3930	raftstore-proxy.server.end-point-batch-row-limit	64
tiflash	${LOCALHOST}:3930	raftstore-proxy.server.end-point-enable-batch-if-possible	true
tiflash	${LOCALHOST}:3930	raftstore-proxy.server.end-point-max-concurrency	8
tiflash	${LOCALHOST}:3930	raftstore-proxy.server.end-point-perf-level	0
tiflash	${LOCALHOST}:3930	raftstore-proxy.server.end-point-recursion-limit	1000
tiflash	${LOCALHOST}:3930	raftstore-proxy.server.end-point-request-max-handle-duration	1m
tiflash	${LOCALHOST}:3930	raftstore-proxy.server.end-point-slow-log-threshold	1s
tiflash	${LOCALHOST}:3930	raftstore-proxy.server.end-point-stream-batch-row-limit	128
tiflash	${LOCALHOST}:3930	raftstore-proxy.server.end-point-stream-channel-size	8
tiflash	${LOCALHOST}:3930	raftstore-proxy.server.forward-max-connections-per-address	4
tiflash	${LOCALHOST}:3930	raftstore-proxy.server.grpc-compression-type	none
tiflash	${LOCALHOST}:3930	raftstore-proxy.server.grpc-concurrency	5
tiflash	${LOCALHOST}:3930	raftstore-proxy.server.grpc-concurrent-stream	1024
tiflash	${LOCALHOST}:3930	raftstore-proxy.server.grpc-gzip-compression-level	2
tiflash	${LOCALHOST}:3930	raftstore-proxy.server.grpc-keepalive-time	10s
tiflash	${LOCALHOST}:3930	raftstore-proxy.server.grpc-keepalive-timeout	3s
tiflash	${LOCALHOST}:3930	raftstore-proxy.server.grpc-memory-pool-quota	9223372036854775807B
tiflash	${LOCALHOST}:3930	raftstore-proxy.server.grpc-min-message-size-to-compress	4096
tiflash	${LOCALHOST}:3930	raftstore-proxy.server.grpc-raft-conn-num	1
tiflash	${LOCALHOST}:3930	raftstore-proxy.server.grpc-stream-initial-window-size	2MiB
tiflash	${LOCALHOST}:3930	raftstore-proxy.server.heavy-load-threshold	75
tiflash	${LOCALHOST}:3930	raftstore-proxy.server.heavy-load-wait-duration	null
tiflash	${LOCALHOST}:3930	raftstore-proxy.server.labels.engine	tiflash
tiflash	${LOCALHOST}:3930	raftstore-proxy.server.max-grpc-send-msg-len	10485760
tiflash	${LOCALHOST}:3930	raftstore-proxy.server.raft-client-grpc-send-msg-buffer	524288
tiflash	${LOCALHOST}:3930	raftstore-proxy.server.raft-client-queue-size	8192
tiflash	${LOCALHOST}:3930	raftstore-proxy.server.raft-msg-max-batch-size	128
tiflash	${LOCALHOST}:3930	raftstore-proxy.server.reject-messages-on-memory-ratio	0.05
tiflash	${LOCALHOST}:3930	raftstore-proxy.server.simplify-metrics	false
tiflash	${LOCALHOST}:3930	raftstore-proxy.server.snap-io-max-bytes-per-sec	100MiB
tiflash	${LOCALHOST}:3930	raftstore-proxy.server.snap-max-total-size	0KiB
tiflash	${LOCALHOST}:3930	raftstore-proxy.server.stats-concurrency	1
tiflash	${LOCALHOST}:3930	raftstore-proxy.server.status-addr	${LOCALHOST}:20292
tiflash	${LOCALHOST}:3930	raftstore-proxy.server.status-thread-pool-size	2
tiflash	${LOCALHOST}:3930	raftstore-proxy.slow-log-file	
tiflash	${LOCALHOST}:3930	raftstore-proxy.slow-log-threshold	1s
tiflash	${LOCALHOST}:3930	raftstore-proxy.split.byte-threshold	31457280
tiflash	${LOCALHOST}:3930	raftstore-proxy.split.detect-times	10
tiflash	${LOCALHOST}:3930	raftstore-proxy.split.grpc-thread-cpu-overload-threshold-ratio	0.5
tiflash	${LOCALHOST}:3930	raftstore-proxy.split.qps-threshold	3000
tiflash	${LOCALHOST}:3930	raftstore-proxy.split.region-cpu-overload-threshold-ratio	0.25
tiflash	${LOCALHOST}:3930	raftstore-proxy.split.sample-num	20
tiflash	${LOCALHOST}:3930	raftstore-proxy.split.sample-threshold	100
tiflash	${LOCALHOST}:3930	raftstore-proxy.split.split-balance-score	0.25
tiflash	${LOCALHOST}:3930	raftstore-proxy.split.split-contained-score	0.5
tiflash	${LOCALHOST}:3930	raftstore-proxy.split.unified-read-pool-thread-cpu-overload-threshold-ratio	0.8
tiflash	${LOCALHOST}:3930	raftstore-proxy.storage.api-version	1
tiflash	${LOCALHOST}:3930	raftstore-proxy.storage.background-error-recovery-window	1h
tiflash	${LOCALHOST}:3930	raftstore-proxy.storage.block-cache.capacity	1203MiB
tiflash	${LOCALHOST}:3930	raftstore-proxy.storage.block-cache.high-pri-pool-ratio	0.8
tiflash	${LOCALHOST}:3930	raftstore-proxy.storage.block-cache.memory-allocator	nodump
tiflash	${LOCALHOST}:3930	raftstore-proxy.storage.block-cache.num-shard-bits	6
tiflash	${LOCALHOST}:3930	raftstore-proxy.storage.block-cache.shared	null
tiflash	${LOCALHOST}:3930	raftstore-proxy.storage.block-cache.strict-capacity-limit	false
tiflash	${LOCALHOST}:3930	raftstore-proxy.storage.data-dir	${TIUP_DATA_DIR}/tiflash-0/proxy_data
tiflash	${LOCALHOST}:3930	raftstore-proxy.storage.enable-async-apply-prewrite	false
tiflash	${LOCALHOST}:3930	raftstore-proxy.storage.enable-ttl	false
tiflash	${LOCALHOST}:3930	raftstore-proxy.storage.engine	raft-kv
tiflash	${LOCALHOST}:3930	raftstore-proxy.storage.flow-control.enable	true
tiflash	${LOCALHOST}:3930	raftstore-proxy.storage.flow-control.hard-pending-compaction-bytes-limit	1TiB
tiflash	${LOCALHOST}:3930	raftstore-proxy.storage.flow-control.l0-files-threshold	20
tiflash	${LOCALHOST}:3930	raftstore-proxy.storage.flow-control.memtables-threshold	5
tiflash	${LOCALHOST}:3930	raftstore-proxy.storage.flow-control.soft-pending-compaction-bytes-limit	192GiB
tiflash	${LOCALHOST}:3930	raftstore-proxy.storage.gc-ratio-threshold	1.1
tiflash	${LOCALHOST}:3930	raftstore-proxy.storage.io-rate-limit.compaction-priority	low
tiflash	${LOCALHOST}:3930	raftstore-proxy.storage.io-rate-limit.export-priority	medium
tiflash	${LOCALHOST}:3930	raftstore-proxy.storage.io-rate-limit.flush-priority	high
tiflash	${LOCALHOST}:3930	raftstore-proxy.storage.io-rate-limit.foreground-read-priority	high
tiflash	${LOCALHOST}:3930	raftstore-proxy.storage.io-rate-limit.foreground-write-priority	high
tiflash	${LOCALHOST}:3930	raftstore-proxy.storage.io-rate-limit.gc-priority	high
tiflash	${LOCALHOST}:3930	raftstore-proxy.storage.io-rate-limit.import-priority	medium
tiflash	${LOCALHOST}:3930	raftstore-proxy.storage.io-rate-limit.level-zero-compaction-priority	medium
tiflash	${LOCALHOST}:3930	raftstore-proxy.storage.io-rate-limit.load-balance-priority	high
tiflash	${LOCALHOST}:3930	raftstore-proxy.storage.io-rate-limit.max-bytes-per-sec	0KiB
tiflash	${LOCALHOST}:3930	raftstore-proxy.storage.io-rate-limit.mode	write-only
tiflash	${LOCALHOST}:3930	raftstore-proxy.storage.io-rate-limit.other-priority	high
tiflash	${LOCALHOST}:3930	raftstore-proxy.storage.io-rate-limit.replication-priority	high
tiflash	${LOCALHOST}:3930	raftstore-proxy.storage.io-rate-limit.strict	false
tiflash	${LOCALHOST}:3930	raftstore-proxy.storage.max-key-size	8192
tiflash	${LOCALHOST}:3930	raftstore-proxy.storage.reserve-raft-space	0KiB
tiflash	${LOCALHOST}:3930	raftstore-proxy.storage.reserve-space	0KiB
tiflash	${LOCALHOST}:3930	raftstore-proxy.storage.scheduler-concurrency	524288
tiflash	${LOCALHOST}:3930	raftstore-proxy.storage.scheduler-pending-write-threshold	100MiB
tiflash	${LOCALHOST}:3930	raftstore-proxy.storage.scheduler-worker-pool-size	4
tiflash	${LOCALHOST}:3930	raftstore-proxy.storage.ttl-check-poll-interval	12h
